_id,moduleId,userId,marks
6617ae34e10537e70a816d71,6617adb7e10537e7b003c82c,6617ad57e10537e7a3c973ae,14
6617ae35e10537e70a816d72,6617adb7e10537e7e7de07e9,6617ad57e10537e740772e09,56
6617ae35e10537e70a816d73,6617adb7e10537e8928bc058,6617ad57e10537e8c57ab4a6,80
6617ae35e10537e70a816d74,6617adb7e10537e7c521049e,6617ad57e10537e6c405f912,91
6617ae35e10537e70a816d75,6617adb7e10537e7e7de07e6,6617ad57e10537e7703662d4,100
6617ae35e10537e70a816d76,6617adb7e10537e7c52104a0,6617ad57e10537e8b1b760bf,37
6617ae35e10537e70a816d77,6617adb7e10537e83e6ca5de,6617ad57e10537e8a3bcf23e,62
6617ae35e10537e70a816d78,6617adb7e10537e83cb67556,6617ad57e10537e70a816d3e,25
6617ae35e10537e70a816d79,6617adb7e10537e8d6b75fde,6617ad57e10537e80c7b8745,10
6617ae35e10537e70a816d7a,6617adb7e10537e6c405f917,6617ad57e10537e7703662e3,46
6617ae35e10537e70a816d7b,6617adb7e10537e7b003c82a,6617ad57e10537e875099cd7,35
6617ae35e10537e70a816d7c,6617adb7e10537e7b003c824,6617ad57e10537e740772e00,41
6617ae35e10537e70a816d7d,6617adb7e10537e7c2855c76,6617ad57e10537e8d6b75fc9,99
6617ae35e10537e70a816d7e,6617adb7e10537e75294a093,6617ad57e10537e6dda6cce6,23
6617ae35e10537e70a816d7f,6617adb8e10537e8d6b75ff0,6617ad57e10537e7703662da,12
6617ae35e10537e70a816d80,6617adb7e10537e7a67f3f9e,6617ad57e10537e85f4fe559,65
6617ae35e10537e70a816d81,6617adb7e10537e83e6ca5dd,6617ad57e10537e8b1b760be,31
6617ae35e10537e70a816d82,6617adb7e10537e770366303,6617ad57e10537e8928bc02c,15
6617ae35e10537e70a816d83,6617adb7e10537e8d6b75fe9,6617ad57e10537e740772df6,40
6617ae35e10537e70a816d84,6617adb7e10537e7a67f3f87,6617ad57e10537e7c521048d,78
6617ae35e10537e70a816d85,6617adb7e10537e83e6ca5ea,6617ad57e10537e71b41ab3e,71
6617ae35e10537e70a816d86,6617adb7e10537e71b41ab59,6617ad57e10537e6d7ef12f8,73
6617ae35e10537e70a816d87,6617adb7e10537e6d7ef1316,6617ad57e10537e6c405f8fd,32
6617ae35e10537e70a816d88,6617adb7e10537e7c521048e,6617ad57e10537e70a816d4a,36
6617ae35e10537e70a816d89,6617adb7e10537e80985c4e2,6617ad57e10537e6dda6cce7,76
6617ae35e10537e70a816d8a,6617adb7e10537e6dda6cd0d,6617ad57e10537e7c2855c6a,18
6617ae35e10537e70a816d8b,6617adb7e10537e8b1b760dd,6617ad57e10537e82b6ef844,73
6617ae35e10537e70a816d8c,6617adb7e10537e7a3c973c9,6617ad57e10537e80985c4ca,79
6617ae35e10537e70a816d8d,6617adb7e10537e83e6ca5d6,6617ad57e10537e8c57ab48f,63
6617ae35e10537e70a816d8e,6617adb7e10537e8928bc059,6617ad57e10537e7b003c7f5,19
6617ae35e10537e70a816d8f,6617adb7e10537e7714b2130,6617ad57e10537e71b41ab3d,23
6617ae34e10537e85f4fe594,6617adb7e10537e83e6ca5e5,6617ad57e10537e80985c4cd,65
6617ae35e10537e85f4fe595,6617adb7e10537e70a816d66,6617ad57e10537e72c310230,10
6617ae35e10537e85f4fe596,6617adb7e10537e7e7de07de,6617ad57e10537e8a3bcf246,80
6617ae35e10537e85f4fe597,6617adb7e10537e7a3c973d1,6617ad57e10537e841ea2e8f,43
6617ae35e10537e85f4fe598,6617adb7e10537e7a3c973ce,6617ad57e10537e6f9e78719,7
6617ae35e10537e85f4fe599,6617adb7e10537e8a3bcf265,6617ad57e10537e6f9e78722,73
6617ae35e10537e85f4fe59a,6617adb7e10537e875099d0b,6617ad57e10537e83cb67529,62
6617ae35e10537e85f4fe59b,6617adb7e10537e72c310256,6617ad57e10537e740772e08,14
6617ae35e10537e85f4fe59c,6617adb7e10537e841ea2eb1,6617ad57e10537e83cb6752e,43
6617ae35e10537e85f4fe59d,6617adb7e10537e73df521ff,6617ad57e10537e70a816d35,4
6617ae35e10537e85f4fe59e,6617adb7e10537e83cb67548,6617ad57e10537e7714b2105,71
6617ae35e10537e85f4fe59f,6617adb7e10537e7b003c816,6617ad57e10537e7703662e1,42
6617ae35e10537e85f4fe5a0,6617adb7e10537e7a3c973d6,6617ad57e10537e8a3bcf247,30
6617ae35e10537e85f4fe5a1,6617adb7e10537e7c2855c85,6617ad57e10537e6f9e7872d,59
6617ae35e10537e85f4fe5a2,6617adb7e10537e7703662e7,6617ad57e10537e7c2855c65,11
6617ae35e10537e85f4fe5a3,6617adb7e10537e7c2855c7b,6617ad57e10537e7a67f3f7a,76
6617ae35e10537e85f4fe5a4,6617adb7e10537e7c521049d,6617ad57e10537e841ea2e96,26
6617ae35e10537e85f4fe5a5,6617adb7e10537e80985c4d6,6617ad57e10537e7c2855c6a,95
6617ae35e10537e85f4fe5a6,6617adb7e10537e83cb67554,6617ad57e10537e70a816d42,29
6617ae35e10537e85f4fe5a7,6617adb7e10537e875099d04,6617ad57e10537e8d6b75fab,22
6617ae35e10537e85f4fe5a8,6617adb7e10537e841ea2ea6,6617ad57e10537e80985c4c6,41
6617ae35e10537e85f4fe5a9,6617adb7e10537e7a3c973c1,6617ad57e10537e83cb67524,13
6617ae35e10537e85f4fe5aa,6617adb7e10537e841ea2eb7,6617ad57e10537e740772e02,64
6617ae35e10537e85f4fe5ab,6617adb7e10537e72c310263,6617ad57e10537e72c310237,74
6617ae35e10537e85f4fe5ac,6617adb7e10537e8928bc065,6617ad57e10537e80c7b8753,11
6617ae35e10537e85f4fe5ad,6617adb7e10537e72c310269,6617ad57e10537e8a3bcf238,21
6617ae35e10537e85f4fe5ae,6617adb7e10537e7c52104a1,6617ad57e10537e85f4fe556,57
6617ae35e10537e85f4fe5af,6617adb7e10537e8a3bcf25d,6617ad57e10537e72c310246,45
6617ae35e10537e85f4fe5b0,6617adb7e10537e80c7b8771,6617ad57e10537e73df521db,63
6617ae35e10537e85f4fe5b1,6617adb7e10537e82b6ef867,6617ad57e10537e8c57ab4a2,82
6617ae35e10537e85f4fe5b2,6617adb7e10537e6dda6ccfe,6617ad57e10537e7714b2107,55
6617ae34e10537e7916ba2c4,6617adb7e10537e841ea2eb1,6617ad57e10537e70a816d4c,44
6617ae35e10537e7916ba2c5,6617adb7e10537e7703662fc,6617ad57e10537e8928bc02e,97
6617ae35e10537e7916ba2c6,6617adb7e10537e80985c4eb,6617ad57e10537e72c31022d,79
6617ae35e10537e7916ba2c7,6617adb7e10537e85f4fe58d,6617ad57e10537e6dda6ccf6,2
6617ae35e10537e7916ba2c8,6617adb7e10537e7c52104a6,6617ad57e10537e8d6b75fb8,48
6617ae35e10537e7916ba2c9,6617adb7e10537e7b003c829,6617ad57e10537e8b1b760b4,78
6617ae35e10537e7916ba2ca,6617adb7e10537e7c2855c78,6617ad57e10537e7b003c80c,9
6617ae35e10537e7916ba2cb,6617adb7e10537e875099cf0,6617ad57e10537e7c2855c69,84
6617ae35e10537e7916ba2cc,6617adb7e10537e80c7b8773,6617ad57e10537e875099cd7,98
6617ae35e10537e7916ba2cd,6617adb7e10537e7c2855c88,6617ad57e10537e82b6ef83b,4
6617ae35e10537e7916ba2ce,6617adb7e10537e875099cf1,6617ad57e10537e85f4fe563,54
6617ae35e10537e7916ba2cf,6617adb7e10537e71b41ab53,6617ad57e10537e6f9e78720,53
6617ae35e10537e7916ba2d0,6617adb7e10537e7b003c815,6617ad57e10537e7703662dc,80
6617ae35e10537e7916ba2d1,6617adb7e10537e8b1b760cf,6617ad57e10537e70a816d51,50
6617ae35e10537e7916ba2d2,6617adb7e10537e7a3c973bd,6617ad57e10537e72c310246,22
6617ae35e10537e7916ba2d3,6617adb7e10537e8a3bcf263,6617ad57e10537e7916ba29c,22
6617ae35e10537e7916ba2d4,6617adb7e10537e80c7b8771,6617ad57e10537e7e7de07cb,78
6617ae35e10537e7916ba2d5,6617adb7e10537e7e7de07d7,6617ad57e10537e7c5210475,88
6617ae35e10537e7916ba2d6,6617adb7e10537e7a3c973bb,6617ad57e10537e8a3bcf231,14
6617ae35e10537e7916ba2d7,6617adb7e10537e70a816d5e,6617ad57e10537e8d6b75fbf,99
6617ae35e10537e7916ba2d8,6617adb7e10537e80985c4cf,6617ad57e10537e7703662d3,51
6617ae35e10537e7916ba2d9,6617adb7e10537e71b41ab60,6617ad57e10537e8d6b75fc7,90
6617ae35e10537e7916ba2da,6617adb7e10537e6f9e78740,6617ad57e10537e8928bc043,60
6617ae35e10537e7916ba2db,6617adb7e10537e8c57ab4bc,6617ad57e10537e6f9e78715,99
6617ae35e10537e7916ba2dc,6617adb7e10537e82b6ef854,6617ad57e10537e80c7b8749,73
6617ae35e10537e7916ba2dd,6617adb7e10537e7714b2123,6617ad57e10537e7714b210a,30
6617ae35e10537e7916ba2de,6617adb7e10537e7e7de07ec,6617ad57e10537e82b6ef84f,19
6617ae35e10537e7916ba2df,6617adb8e10537e8b1b760e6,6617ad57e10537e80c7b8761,2
6617ae35e10537e7916ba2e0,6617adb7e10537e7b003c82c,6617ad57e10537e7703662cd,82
6617ae35e10537e7916ba2e1,6617adb7e10537e740772e18,6617ad57e10537e6d7ef12e3,12
6617ae35e10537e7916ba2e2,6617adb7e10537e7703662ff,6617ad57e10537e7a67f3f6b,11
6617ae34e10537e8c57ab4cc,6617adb7e10537e841ea2ea7,6617ad57e10537e8b1b760be,16
6617ae35e10537e8c57ab4cd,6617adb7e10537e6dda6cd06,6617ad57e10537e7c2855c67,98
6617ae35e10537e8c57ab4ce,6617adb7e10537e80c7b8778,6617ad57e10537e7b003c7f5,79
6617ae35e10537e8c57ab4cf,6617adb7e10537e7e7de07e4,6617ad57e10537e7c5210473,6
6617ae35e10537e8c57ab4d0,6617adb7e10537e6d7ef1314,6617ad57e10537e72c310237,63
6617ae35e10537e8c57ab4d1,6617adb8e10537e841ea2eb8,6617ad57e10537e75294a084,54
6617ae35e10537e8c57ab4d2,6617adb7e10537e8c57ab4c0,6617ad57e10537e75294a075,89
6617ae35e10537e8c57ab4d3,6617adb7e10537e841ea2ea5,6617ad57e10537e75294a06c,64
6617ae35e10537e8c57ab4d4,6617adb7e10537e7b003c823,6617ad57e10537e7714b2108,77
6617ae35e10537e8c57ab4d5,6617adb7e10537e7714b2121,6617ad57e10537e82b6ef84c,31
6617ae35e10537e8c57ab4d6,6617adb7e10537e8c57ab4b5,6617ad57e10537e7c5210487,40
6617ae35e10537e8c57ab4d7,6617adb7e10537e83cb67541,6617ad57e10537e7e7de07c1,54
6617ae35e10537e8c57ab4d8,6617adb7e10537e8c57ab4af,6617ad57e10537e6f9e7871b,70
6617ae35e10537e8c57ab4d9,6617adb7e10537e80985c4da,6617ad57e10537e82b6ef835,18
6617ae35e10537e8c57ab4da,6617adb7e10537e71b41ab47,6617ad57e10537e6d7ef12f1,2
6617ae35e10537e8c57ab4db,6617adb7e10537e72c31025e,6617ad57e10537e6d7ef12e0,9
6617ae35e10537e8c57ab4dc,6617adb7e10537e8a3bcf254,6617ad57e10537e7a67f3f7e,56
6617ae35e10537e8c57ab4dd,6617adb7e10537e70a816d5c,6617ad57e10537e8a3bcf248,70
6617ae35e10537e8c57ab4de,6617adb7e10537e85f4fe582,6617ad57e10537e71b41ab3b,4
6617ae35e10537e8c57ab4df,6617adb7e10537e6c405f933,6617ad57e10537e80985c4b3,72
6617ae35e10537e8c57ab4e0,6617adb7e10537e7b003c82d,6617ad57e10537e70a816d34,83
6617ae35e10537e8c57ab4e1,6617adb7e10537e6c405f922,6617ad57e10537e80985c4b8,29
6617ae35e10537e8c57ab4e2,6617adb7e10537e82b6ef866,6617ad57e10537e83cb67524,5
6617ae35e10537e8c57ab4e3,6617adb7e10537e7714b2124,6617ad57e10537e6dda6cced,33
6617ae35e10537e8c57ab4e4,6617adb7e10537e8c57ab4c3,6617ad57e10537e6dda6cce3,90
6617ae35e10537e8c57ab4e5,6617adb7e10537e6f9e78744,6617ad57e10537e8d6b75fae,65
6617ae35e10537e8c57ab4e6,6617adb7e10537e7e7de07ed,6617ad57e10537e75294a086,97
6617ae35e10537e8c57ab4e7,6617adb7e10537e82b6ef852,6617ad57e10537e6f9e78718,69
6617ae35e10537e8c57ab4e8,6617adb7e10537e7703662ed,6617ad57e10537e85f4fe573,49
6617ae35e10537e8c57ab4e9,6617adb7e10537e85f4fe584,6617ad57e10537e7c5210477,26
6617ae35e10537e8c57ab4ea,6617adb7e10537e841ea2eb5,6617ad57e10537e7e7de07cf,92
6617ae34e10537e83cb6755a,6617adb7e10537e7714b2124,6617ad57e10537e82b6ef849,4
6617ae35e10537e83cb6755b,6617adb7e10537e6c405f92e,6617ad57e10537e8928bc040,11
6617ae35e10537e83cb6755c,6617adb7e10537e73df521f9,6617ad57e10537e6d7ef12e0,53
6617ae35e10537e83cb6755d,6617adb7e10537e6c405f92c,6617ad57e10537e80c7b875a,61
6617ae35e10537e83cb6755e,6617adb7e10537e85f4fe58f,6617ad57e10537e8a3bcf236,59
6617ae35e10537e83cb6755f,6617adb7e10537e7a3c973c1,6617ad57e10537e875099cda,76
6617ae35e10537e83cb67560,6617adb7e10537e6c405f926,6617ad57e10537e6d7ef12dc,75
6617ae35e10537e83cb67561,6617adb7e10537e8c57ab4b0,6617ad57e10537e8c57ab4a6,15
6617ae35e10537e83cb67562,6617adb7e10537e6c405f932,6617ad57e10537e7a3c973a8,80
6617ae35e10537e83cb67563,6617adb7e10537e841ea2ea6,6617ad57e10537e8c57ab4ac,42
6617ae35e10537e83cb67564,6617adb7e10537e7b003c81b,6617ad57e10537e73df521da,39
6617ae35e10537e83cb67565,6617adb7e10537e83e6ca5e6,6617ad57e10537e841ea2e8d,35
6617ae35e10537e83cb67566,6617adb7e10537e72c31025f,6617ad57e10537e73df521c7,93
6617ae35e10537e83cb67567,6617adb7e10537e740772e14,6617ad57e10537e71b41ab3a,65
6617ae35e10537e83cb67568,6617adb7e10537e7a67f3f93,6617ad57e10537e8a3bcf247,73
6617ae35e10537e83cb67569,6617adb7e10537e7b003c82b,6617ad57e10537e7703662cb,32
6617ae35e10537e83cb6756a,6617adb7e10537e80c7b876b,6617ad57e10537e83e6ca5b7,29
6617ae35e10537e83cb6756b,6617adb7e10537e73df521fb,6617ad57e10537e85f4fe55b,67
6617ae35e10537e83cb6756c,6617adb7e10537e8928bc04e,6617ad57e10537e83cb67521,89
6617ae35e10537e83cb6756d,6617adb7e10537e6dda6cd11,6617ad57e10537e75294a081,41
6617ae35e10537e83cb6756e,6617adb7e10537e82b6ef86e,6617ad57e10537e72c310238,97
6617ae35e10537e83cb6756f,6617adb7e10537e82b6ef86f,6617ad57e10537e83cb67525,86
6617ae35e10537e83cb67570,6617adb7e10537e85f4fe57b,6617ad57e10537e7c2855c53,28
6617ae35e10537e83cb67571,6617adb7e10537e80985c4d9,6617ad57e10537e7916ba29e,71
6617ae35e10537e83cb67572,6617adb7e10537e83e6ca5dd,6617ad57e10537e6dda6cced,30
6617ae35e10537e83cb67573,6617adb7e10537e7a67f3f94,6617ad57e10537e740772dfa,33
6617ae35e10537e83cb67574,6617adb7e10537e8c57ab4ad,6617ad57e10537e7714b210d,55
6617ae35e10537e83cb67575,6617adb7e10537e8a3bcf257,6617ad57e10537e7c5210470,50
6617ae35e10537e83cb67576,6617adb7e10537e85f4fe583,6617ad57e10537e7e7de07b8,25
6617ae35e10537e83cb67577,6617adb7e10537e71b41ab4e,6617ad57e10537e71b41ab2f,61
6617ae35e10537e83cb67578,6617adb7e10537e8c57ab4c3,6617ad57e10537e841ea2e96,11
6617ae34e10537e83e6ca5ed,6617adb7e10537e875099d0a,6617ad57e10537e6dda6cce0,1
6617ae35e10537e83e6ca5ee,6617adb7e10537e8a3bcf257,6617ad57e10537e7703662dd,65
6617ae35e10537e83e6ca5ef,6617adb7e10537e71b41ab5e,6617ad57e10537e8b1b760bd,6
6617ae35e10537e83e6ca5f0,6617adb7e10537e7b003c82e,6617ad57e10537e6c405f904,27
6617ae35e10537e83e6ca5f1,6617adb8e10537e8c57ab4cb,6617ad57e10537e8a3bcf23e,41
6617ae35e10537e83e6ca5f2,6617adb7e10537e83cb67555,6617ad57e10537e85f4fe573,58
6617ae35e10537e83e6ca5f3,6617adb7e10537e80c7b8769,6617ad57e10537e7703662d0,33
6617ae35e10537e83e6ca5f4,6617adb7e10537e6dda6cd04,6617ad57e10537e8a3bcf249,99
6617ae35e10537e83e6ca5f5,6617adb7e10537e7c2855c88,6617ad57e10537e7b003c7f6,93
6617ae35e10537e83e6ca5f6,6617adb7e10537e85f4fe58d,6617ad57e10537e80c7b8746,14
6617ae35e10537e83e6ca5f7,6617adb7e10537e6dda6cd11,6617ad57e10537e7714b2117,40
6617ae35e10537e83e6ca5f8,6617adb7e10537e7c2855c76,6617ad57e10537e72c31022e,53
6617ae35e10537e83e6ca5f9,6617adb7e10537e82b6ef85b,6617ad57e10537e7b003c7f7,79
6617ae35e10537e83e6ca5fa,6617adb7e10537e7714b211c,6617ad57e10537e6dda6ccf5,81
6617ae35e10537e83e6ca5fb,6617adb7e10537e7e7de07d2,6617ad57e10537e71b41ab40,95
6617ae35e10537e83e6ca5fc,6617adb7e10537e875099d0b,6617ad57e10537e7703662d9,38
6617ae35e10537e83e6ca5fd,6617adb7e10537e71b41ab54,6617ad57e10537e8d6b75fb2,100
6617ae35e10537e83e6ca5fe,6617adb7e10537e8b1b760e1,6617ad57e10537e6dda6ccef,30
6617ae35e10537e83e6ca5ff,6617adb7e10537e6f9e78741,6617ad57e10537e7a67f3f64,71
6617ae35e10537e83e6ca600,6617adb7e10537e6dda6cd10,6617ad57e10537e875099ce8,11
6617ae35e10537e83e6ca601,6617adb7e10537e80985c4e6,6617ad57e10537e80c7b8754,42
6617ae35e10537e83e6ca602,6617adb7e10537e8928bc05b,6617ad57e10537e83e6ca5b2,27
6617ae35e10537e83e6ca603,6617adb7e10537e75294a09f,6617ad57e10537e8928bc03d,44
6617ae35e10537e83e6ca604,6617adb7e10537e70a816d6e,6617ad57e10537e7a3c973aa,8
6617ae35e10537e83e6ca605,6617adb7e10537e7a67f3f83,6617ad57e10537e72c31023a,0
6617ae35e10537e83e6ca606,6617adb7e10537e80985c4e5,6617ad57e10537e6c405f913,18
6617ae35e10537e83e6ca607,6617adb7e10537e75294a097,6617ad57e10537e841ea2e88,3
6617ae35e10537e83e6ca608,6617adb7e10537e6c405f928,6617ad57e10537e7916ba288,74
6617ae35e10537e83e6ca609,6617adb7e10537e7703662ef,6617ad57e10537e875099cec,93
6617ae35e10537e83e6ca60a,6617adb7e10537e8928bc063,6617ad57e10537e71b41ab30,53
6617ae35e10537e83e6ca60b,6617adb7e10537e7a67f3f86,6617ad57e10537e6c405f8fa,28
6617ae34e10537e8928bc06a,6617adb7e10537e8928bc05a,6617ad57e10537e6f9e78727,35
6617ae35e10537e8928bc06b,6617adb7e10537e7e7de07d3,6617ad57e10537e6f9e78725,66
6617ae35e10537e8928bc06c,6617adb7e10537e8c57ab4b5,6617ad57e10537e80c7b874d,47
6617ae35e10537e8928bc06d,6617adb7e10537e70a816d5a,6617ad57e10537e82b6ef851,35
6617ae35e10537e8928bc06e,6617adb7e10537e7e7de07eb,6617ad57e10537e8a3bcf23a,85
6617ae35e10537e8928bc06f,6617adb7e10537e7714b2125,6617ad57e10537e6c405f908,28
6617ae35e10537e8928bc070,6617adb7e10537e841ea2e9a,6617ad57e10537e8b1b760c4,50
6617ae35e10537e8928bc071,6617adb7e10537e6dda6cd0c,6617ad57e10537e8b1b760bf,63
6617ae35e10537e8928bc072,6617adb7e10537e8928bc062,6617ad57e10537e75294a080,28
6617ae35e10537e8928bc073,6617adb7e10537e82b6ef85b,6617ad57e10537e8c57ab4aa,48
6617ae35e10537e8928bc074,6617adb8e10537e8d6b75ff6,6617ad57e10537e6d7ef12f8,80
6617ae35e10537e8928bc075,6617adb7e10537e7703662f4,6617ad57e10537e7c2855c5f,0
6617ae35e10537e8928bc076,6617adb7e10537e875099cfa,6617ad57e10537e75294a087,77
6617ae35e10537e8928bc077,6617adb7e10537e8928bc05e,6617ad57e10537e7b003c7f4,28
6617ae35e10537e8928bc078,6617adb7e10537e875099cf9,6617ad57e10537e8928bc031,34
6617ae35e10537e8928bc079,6617adb7e10537e70a816d6c,6617ad57e10537e72c310249,1
6617ae35e10537e8928bc07a,6617adb7e10537e7a3c973ca,6617ad57e10537e7703662da,8
6617ae35e10537e8928bc07b,6617adb7e10537e875099d07,6617ad57e10537e841ea2e93,69
6617ae35e10537e8928bc07c,6617adb7e10537e82b6ef863,6617ad57e10537e6d7ef12e9,15
6617ae35e10537e8928bc07d,6617adb7e10537e7c2855c8a,6617ad57e10537e7703662d5,98
6617ae35e10537e8928bc07e,6617adb7e10537e72c310254,6617ad57e10537e6c405f906,5
6617ae35e10537e8928bc07f,6617adb7e10537e7c2855c70,6617ad57e10537e7a3c973ac,97
6617ae35e10537e8928bc080,6617adb7e10537e7714b212c,6617ad57e10537e8a3bcf24d,57
6617ae35e10537e8928bc081,6617adb7e10537e8d6b75fe2,6617ad57e10537e83e6ca5c7,37
6617ae35e10537e8928bc082,6617adb7e10537e7b003c81b,6617ad57e10537e8d6b75fb5,25
6617ae35e10537e8928bc083,6617adb7e10537e82b6ef860,6617ad57e10537e7c521047c,44
6617ae35e10537e8928bc084,6617adb7e10537e8d6b75fdf,6617ad57e10537e875099cea,79
6617ae35e10537e8928bc085,6617adb7e10537e7a67f3f82,6617ad57e10537e7c5210486,72
6617ae35e10537e8928bc086,6617adb7e10537e75294a08f,6617ad57e10537e80c7b874c,30
6617ae35e10537e8928bc087,6617adb7e10537e7714b211e,6617ad57e10537e73df521c7,76
6617ae35e10537e8928bc088,6617adb7e10537e7a3c973d2,6617ad57e10537e7c2855c69,93
6617ae34e10537e7c52104ad,6617adb7e10537e73df521fe,6617ad57e10537e80985c4c0,20
6617ae35e10537e7c52104ae,6617adb7e10537e740772e1c,6617ad57e10537e8a3bcf236,17
6617ae35e10537e7c52104af,6617adb7e10537e6c405f925,6617ad57e10537e8d6b75fb4,50
6617ae35e10537e7c52104b0,6617adb7e10537e75294a0a6,6617ad57e10537e6dda6cce1,97
6617ae35e10537e7c52104b1,6617adb7e10537e7a3c973c0,6617ad57e10537e7c2855c61,22
6617ae35e10537e7c52104b2,6617adb7e10537e7a3c973d3,6617ad57e10537e71b41ab28,70
6617ae35e10537e7c52104b3,6617adb7e10537e7a3c973c9,6617ad57e10537e875099ce6,55
6617ae35e10537e7c52104b4,6617adb7e10537e7b003c81d,6617ad57e10537e8b1b760ae,20
6617ae35e10537e7c52104b5,6617adb7e10537e6d7ef12fb,6617ad57e10537e7c5210482,62
6617ae35e10537e7c52104b6,6617adb7e10537e8c57ab4c0,6617ad57e10537e7b003c7ff,6
6617ae35e10537e7c52104b7,6617adb7e10537e6dda6cd16,6617ad57e10537e6dda6ccf2,62
6617ae35e10537e7c52104b8,6617adb7e10537e75294a08a,6617ad57e10537e7c5210481,97
6617ae35e10537e7c52104b9,6617adb7e10537e73df521f1,6617ad57e10537e6dda6ccf1,68
6617ae35e10537e7c52104ba,6617adb7e10537e7c521049d,6617ad57e10537e7a3c973aa,64
6617ae35e10537e7c52104bb,6617adb7e10537e7703662f8,6617ad57e10537e83e6ca5c9,46
6617ae35e10537e7c52104bc,6617adb7e10537e6f9e7873a,6617ad57e10537e7703662cb,98
6617ae35e10537e7c52104bd,6617adb7e10537e7c52104a0,6617ad57e10537e83cb6751c,22
6617ae35e10537e7c52104be,6617adb7e10537e841ea2e9c,6617ad57e10537e6c405f90f,37
6617ae35e10537e7c52104bf,6617adb7e10537e740772e1b,6617ad57e10537e7916ba299,9
6617ae35e10537e7c52104c0,6617adb7e10537e83e6ca5d4,6617ad57e10537e8928bc04a,87
6617ae35e10537e7c52104c1,6617adb7e10537e83e6ca5d9,6617ad57e10537e740772e08,36
6617ae35e10537e7c52104c2,6617adb8e10537e8d6b75ff2,6617ad57e10537e75294a084,92
6617ae35e10537e7c52104c3,6617adb7e10537e6c405f930,6617ad57e10537e8d6b75fb6,3
6617ae35e10537e7c52104c4,6617adb7e10537e80c7b8765,6617ad57e10537e70a816d4d,34
6617ae35e10537e7c52104c5,6617adb8e10537e7916ba2c3,6617ad57e10537e8a3bcf234,100
6617ae35e10537e7c52104c6,6617adb7e10537e83e6ca5e4,6617ad57e10537e6f9e7872d,64
6617ae35e10537e7c52104c7,6617adb7e10537e740772e13,6617ad57e10537e71b41ab36,59
6617ae35e10537e7c52104c8,6617adb7e10537e85f4fe581,6617ad57e10537e75294a086,46
6617ae35e10537e7c52104c9,6617adb7e10537e85f4fe58c,6617ad57e10537e7a3c973b3,19
6617ae35e10537e7c52104ca,6617adb7e10537e6d7ef1305,6617ad57e10537e7a67f3f77,38
6617ae35e10537e7c52104cb,6617adb7e10537e7c52104a5,6617ad57e10537e70a816d44,11
6617ae34e10537e71b41ab66,6617adb7e10537e7703662f3,6617ad57e10537e7b003c7fe,23
6617ae35e10537e71b41ab67,6617adb7e10537e8928bc04d,6617ad57e10537e8a3bcf23e,58
6617ae35e10537e71b41ab68,6617adb7e10537e85f4fe586,6617ad57e10537e71b41ab44,52
6617ae35e10537e71b41ab69,6617adb7e10537e75294a0a5,6617ad57e10537e85f4fe565,61
6617ae35e10537e71b41ab6a,6617adb7e10537e875099d0a,6617ad57e10537e80c7b875c,0
6617ae35e10537e71b41ab6b,6617adb7e10537e73df521f6,6617ad57e10537e7703662e0,80
6617ae35e10537e71b41ab6c,6617adb7e10537e83e6ca5d7,6617ad57e10537e740772dfe,14
6617ae35e10537e71b41ab6d,6617adb7e10537e6f9e78747,6617ad57e10537e73df521cd,17
6617ae35e10537e71b41ab6e,6617adb7e10537e770366302,6617ad57e10537e7703662d1,75
6617ae35e10537e71b41ab6f,6617adb7e10537e85f4fe589,6617ad57e10537e7703662ca,23
6617ae35e10537e71b41ab70,6617adb7e10537e82b6ef855,6617ad57e10537e7c521048c,53
6617ae35e10537e71b41ab71,6617adb7e10537e82b6ef86b,6617ad57e10537e8b1b760b9,34
6617ae35e10537e71b41ab72,6617adb7e10537e80c7b8770,6617ad57e10537e7a3c973aa,10
6617ae35e10537e71b41ab73,6617adb7e10537e7c2855c89,6617ad57e10537e80c7b8763,6
6617ae35e10537e71b41ab74,6617adb7e10537e6c405f919,6617ad57e10537e8a3bcf233,77
6617ae35e10537e71b41ab75,6617adb7e10537e7c2855c8c,6617ad57e10537e70a816d46,24
6617ae35e10537e71b41ab76,6617adb7e10537e7c2855c77,6617ad57e10537e72c310237,78
6617ae35e10537e71b41ab77,6617adb7e10537e740772e25,6617ad57e10537e740772e0d,50
6617ae35e10537e71b41ab78,6617adb7e10537e72c310251,6617ad57e10537e80c7b8757,30
6617ae35e10537e71b41ab79,6617adb7e10537e8928bc053,6617ad57e10537e841ea2e95,96
6617ae35e10537e71b41ab7a,6617adb7e10537e72c31025b,6617ad57e10537e7e7de07b8,48
6617ae35e10537e71b41ab7b,6617adb7e10537e8b1b760cd,6617ad57e10537e841ea2e87,83
6617ae35e10537e71b41ab7c,6617adb7e10537e7a3c973c5,6617ad57e10537e7916ba2a0,4
6617ae35e10537e71b41ab7d,6617adb7e10537e6dda6ccfc,6617ad57e10537e740772e00,85
6617ae35e10537e71b41ab7e,6617adb7e10537e85f4fe57a,6617ad57e10537e70a816d51,93
6617ae35e10537e71b41ab7f,6617adb7e10537e6c405f91e,6617ad57e10537e8a3bcf244,49
6617ae35e10537e71b41ab80,6617adb7e10537e8c57ab4bb,6617ad57e10537e7c521048b,31
6617ae35e10537e71b41ab81,6617adb7e10537e80985c4e7,6617ad57e10537e72c31023d,24
6617ae35e10537e71b41ab82,6617adb7e10537e841ea2eae,6617ad57e10537e73df521e0,58
6617ae35e10537e71b41ab83,6617adb7e10537e6f9e7873d,6617ad57e10537e7a3c973b4,33
6617ae35e10537e71b41ab84,6617adb7e10537e70a816d5e,6617ad57e10537e6f9e78727,8
6617ae34e10537e8a3bcf26d,6617adb7e10537e7c5210498,6617ad57e10537e7714b210c,75
6617ae35e10537e8a3bcf26e,6617adb7e10537e8a3bcf264,6617ad57e10537e83e6ca5be,97
6617ae35e10537e8a3bcf26f,6617adb7e10537e7703662ee,6617ad57e10537e875099cd4,24
6617ae35e10537e8a3bcf270,6617adb7e10537e875099d00,6617ad57e10537e6c405f907,88
6617ae35e10537e8a3bcf271,6617adb7e10537e7a3c973be,6617ad57e10537e8b1b760af,21
6617ae35e10537e8a3bcf272,6617adb7e10537e70a816d59,6617ad57e10537e80985c4bf,75
6617ae35e10537e8a3bcf273,6617adb7e10537e6f9e78734,6617ad57e10537e7c2855c66,74
6617ae35e10537e8a3bcf274,6617adb7e10537e72c310265,6617ad57e10537e6c405f906,81
6617ae35e10537e8a3bcf275,6617adb7e10537e80c7b877e,6617ad57e10537e8b1b760c3,47
6617ae35e10537e8a3bcf276,6617adb7e10537e740772e16,6617ad57e10537e7703662d3,73
6617ae35e10537e8a3bcf277,6617adb7e10537e7a3c973d1,6617ad57e10537e7c2855c5d,26
6617ae35e10537e8a3bcf278,6617adb7e10537e7714b2131,6617ad57e10537e70a816d37,86
6617ae35e10537e8a3bcf279,6617adb7e10537e80985c4e4,6617ad57e10537e7e7de07c6,85
6617ae35e10537e8a3bcf27a,6617adb7e10537e6c405f91c,6617ad57e10537e6f9e78725,27
6617ae35e10537e8a3bcf27b,6617adb7e10537e7c2855c72,6617ad57e10537e6dda6ccea,21
6617ae35e10537e8a3bcf27c,6617adb7e10537e841ea2eb6,6617ad57e10537e83cb6751d,56
6617ae35e10537e8a3bcf27d,6617adb7e10537e71b41ab62,6617ad57e10537e841ea2e90,77
6617ae35e10537e8a3bcf27e,6617adb7e10537e841ea2ea3,6617ad57e10537e7a3c973ac,65
6617ae35e10537e8a3bcf27f,6617adb7e10537e7a3c973c7,6617ad57e10537e71b41ab3a,7
6617ae35e10537e8a3bcf280,6617adb7e10537e8b1b760d5,6617ad57e10537e70a816d3a,11
6617ae35e10537e8a3bcf281,6617adb7e10537e6f9e7873a,6617ad57e10537e80c7b8752,85
6617ae35e10537e8a3bcf282,6617adb7e10537e875099cfd,6617ad57e10537e8d6b75fb9,3
6617ae35e10537e8a3bcf283,6617adb7e10537e80c7b8770,6617ad57e10537e70a816d50,27
6617ae35e10537e8a3bcf284,6617adb7e10537e70a816d57,6617ad57e10537e7b003c7f7,42
6617ae35e10537e8a3bcf285,6617adb7e10537e75294a0a0,6617ad57e10537e83cb67536,60
6617ae35e10537e8a3bcf286,6617adb7e10537e6d7ef1301,6617ad57e10537e8b1b760b6,74
6617ae35e10537e8a3bcf287,6617adb7e10537e8928bc056,6617ad57e10537e7e7de07c3,81
6617ae35e10537e8a3bcf288,6617adb7e10537e82b6ef86d,6617ad57e10537e83cb6752d,51
6617ae35e10537e8a3bcf289,6617adb7e10537e8b1b760d0,6617ad57e10537e7714b2103,28
6617ae35e10537e8a3bcf28a,6617adb7e10537e770366303,6617ad57e10537e8928bc02e,70
6617ae35e10537e8a3bcf28b,6617adb7e10537e7714b211f,6617ad57e10537e82b6ef84f,83
6617ae34e10537e8b1b760e7,6617adb7e10537e875099cf2,6617ad57e10537e875099cde,1
6617ae35e10537e8b1b760e8,6617adb7e10537e7c5210492,6617ad57e10537e7714b2106,68
6617ae35e10537e8b1b760e9,6617adb7e10537e71b41ab54,6617ad57e10537e6dda6cce9,55
6617ae35e10537e8b1b760ea,6617adb7e10537e72c310257,6617ad57e10537e83cb67522,39
6617ae35e10537e8b1b760eb,6617adb7e10537e83e6ca5eb,6617ad57e10537e8928bc032,92
6617ae35e10537e8b1b760ec,6617adb7e10537e8b1b760c8,6617ad57e10537e70a816d4d,16
6617ae35e10537e8b1b760ed,6617adb7e10537e7703662f6,6617ad57e10537e8d6b75fc2,53
6617ae35e10537e8b1b760ee,6617adb7e10537e75294a0a1,6617ad57e10537e80985c4c4,76
6617ae35e10537e8b1b760ef,6617adb7e10537e80985c4d6,6617ad57e10537e6d7ef12e0,24
6617ae35e10537e8b1b760f0,6617adb7e10537e83e6ca5e8,6617ad57e10537e7b003c7f8,12
6617ae35e10537e8b1b760f1,6617adb7e10537e8a3bcf262,6617ad57e10537e80985c4b1,75
6617ae35e10537e8b1b760f2,6617adb7e10537e875099d01,6617ad57e10537e83cb67520,43
6617ae35e10537e8b1b760f3,6617adb7e10537e75294a08f,6617ad57e10537e6dda6ccdf,95
6617ae35e10537e8b1b760f4,6617adb7e10537e7a67f3f8d,6617ad57e10537e8a3bcf234,6
6617ae35e10537e8b1b760f5,6617adb7e10537e6f9e78733,6617ad57e10537e7a67f3f68,50
6617ae35e10537e8b1b760f6,6617adb7e10537e8a3bcf261,6617ad57e10537e8928bc02f,2
6617ae35e10537e8b1b760f7,6617adb7e10537e7916ba2be,6617ad57e10537e6f9e78722,19
6617ae35e10537e8b1b760f8,6617adb7e10537e8d6b75fe1,6617ad57e10537e6c405f8f7,39
6617ae35e10537e8b1b760f9,6617adb7e10537e740772e26,6617ad57e10537e83cb6752a,8
6617ae35e10537e8b1b760fa,6617adb7e10537e7c2855c7e,6617ad57e10537e7a3c973af,89
6617ae35e10537e8b1b760fb,6617adb7e10537e7e7de07e6,6617ad57e10537e7916ba299,30
6617ae35e10537e8b1b760fc,6617adb8e10537e8d6b75ff3,6617ad57e10537e73df521d1,14
6617ae35e10537e8b1b760fd,6617adb7e10537e7a67f3f83,6617ad57e10537e8b1b760b2,20
6617ae35e10537e8b1b760fe,6617adb7e10537e8c57ab4ae,6617ad57e10537e8b1b760be,35
6617ae35e10537e8b1b760ff,6617adb7e10537e70a816d60,6617ad57e10537e73df521cd,46
6617ae35e10537e8b1b76100,6617adb7e10537e875099d00,6617ad57e10537e841ea2e8f,76
6617ae35e10537e8b1b76101,6617adb7e10537e6f9e78748,6617ad57e10537e83cb67523,75
6617ae35e10537e8b1b76102,6617adb7e10537e7c52104a6,6617ad57e10537e83cb67530,45
6617ae35e10537e8b1b76103,6617adb7e10537e73df52202,6617ad57e10537e6d7ef12dc,65
6617ae35e10537e8b1b76104,6617adb7e10537e7714b2119,6617ad57e10537e85f4fe561,90
6617ae35e10537e8b1b76105,6617adb7e10537e7c2855c70,6617ad57e10537e6d7ef12ef,64
6617ae34e10537e6c405f935,6617adb7e10537e6f9e78746,6617ad57e10537e73df521e2,77
6617ae35e10537e6c405f936,6617adb7e10537e875099cf6,6617ad57e10537e80c7b8763,54
6617ae35e10537e6c405f937,6617adb7e10537e73df521ef,6617ad57e10537e7916ba295,19
6617ae35e10537e6c405f938,6617adb7e10537e7c2855c79,6617ad57e10537e7b003c80f,83
6617ae35e10537e6c405f939,6617adb7e10537e7a67f3f90,6617ad57e10537e7703662e5,99
6617ae35e10537e6c405f93a,6617adb7e10537e8d6b75fd9,6617ad57e10537e72c310241,17
6617ae35e10537e6c405f93b,6617adb7e10537e82b6ef853,6617ad57e10537e8928bc038,81
6617ae35e10537e6c405f93c,6617adb7e10537e7714b2119,6617ad57e10537e85f4fe56e,100
6617ae35e10537e6c405f93d,6617adb7e10537e8d6b75fe6,6617ad57e10537e7916ba29d,89
6617ae35e10537e6c405f93e,6617adb7e10537e70a816d61,6617ad57e10537e8c57ab4a4,19
6617ae35e10537e6c405f93f,6617adb7e10537e6dda6cd16,6617ad57e10537e7c2855c62,79
6617ae35e10537e6c405f940,6617adb7e10537e740772e25,6617ad57e10537e7c521047e,42
6617ae35e10537e6c405f941,6617adb7e10537e80985c4ce,6617ad57e10537e75294a074,49
6617ae35e10537e6c405f942,6617adb7e10537e70a816d53,6617ad57e10537e8d6b75fcc,80
6617ae35e10537e6c405f943,6617adb7e10537e8928bc060,6617ad57e10537e6dda6cce7,22
6617ae35e10537e6c405f944,6617adb7e10537e6dda6cd06,6617ad57e10537e6c405f905,71
6617ae35e10537e6c405f945,6617adb7e10537e8d6b75fec,6617ad57e10537e7a3c973a1,89
6617ae35e10537e6c405f946,6617adb7e10537e7703662ee,6617ad57e10537e740772e10,60
6617ae35e10537e6c405f947,6617adb7e10537e8b1b760d7,6617ad57e10537e7a67f3f6a,15
6617ae35e10537e6c405f948,6617adb7e10537e7a3c973d6,6617ad57e10537e8d6b75fb9,68
6617ae35e10537e6c405f949,6617adb7e10537e7a67f3f97,6617ad57e10537e875099ce1,16
6617ae35e10537e6c405f94a,6617adb7e10537e83cb67554,6617ad57e10537e70a816d4a,34
6617ae35e10537e6c405f94b,6617adb7e10537e7a67f3f91,6617ad57e10537e8a3bcf234,40
6617ae35e10537e6c405f94c,6617adb7e10537e71b41ab62,6617ad57e10537e83e6ca5ca,95
6617ae35e10537e6c405f94d,6617adb7e10537e6c405f925,6617ad57e10537e7b003c802,17
6617ae35e10537e6c405f94e,6617adb7e10537e8c57ab4bb,6617ad57e10537e8a3bcf24c,73
6617ae35e10537e6c405f94f,6617adb7e10537e7714b212a,6617ad57e10537e8928bc02e,57
6617ae35e10537e6c405f950,6617adb7e10537e82b6ef86b,6617ad57e10537e73df521c7,92
6617ae35e10537e6c405f951,6617adb7e10537e8a3bcf254,6617ad57e10537e7c2855c5f,50
6617ae35e10537e6c405f952,6617adb7e10537e83cb6753e,6617ad57e10537e7a67f3f69,69
6617ae35e10537e6c405f953,6617adb7e10537e80985c4e5,6617ad57e10537e8b1b760af,28
6617ae34e10537e770366305,6617adb7e10537e7a3c973d3,6617ad57e10537e7703662dd,82
6617ae35e10537e770366306,6617adb7e10537e70a816d6c,6617ad57e10537e71b41ab31,17
6617ae35e10537e770366307,6617adb7e10537e8928bc05f,6617ad57e10537e7a3c9739d,37
6617ae35e10537e770366308,6617adb7e10537e83e6ca5d7,6617ad57e10537e70a816d3b,9
6617ae35e10537e770366309,6617adb7e10537e8b1b760cc,6617ad57e10537e85f4fe56c,46
6617ae35e10537e77036630a,6617adb7e10537e85f4fe57a,6617ad57e10537e80c7b874e,3
6617ae35e10537e77036630b,6617adb7e10537e8d6b75fe9,6617ad57e10537e7c2855c56,7
6617ae35e10537e77036630c,6617adb7e10537e80985c4d6,6617ad57e10537e841ea2e93,47
6617ae35e10537e77036630d,6617adb7e10537e82b6ef86f,6617ad57e10537e83cb67538,39
6617ae35e10537e77036630e,6617adb7e10537e8a3bcf251,6617ad57e10537e7a3c973a4,1
6617ae35e10537e77036630f,6617adb8e10537e6f9e7874c,6617ad57e10537e8b1b760c1,87
6617ae35e10537e770366310,6617adb7e10537e7a67f3f87,6617ad57e10537e7e7de07cd,3
6617ae35e10537e770366311,6617adb7e10537e72c310269,6617ad57e10537e740772dfd,14
6617ae35e10537e770366312,6617adb7e10537e8d6b75fdb,6617ad57e10537e75294a07b,72
6617ae35e10537e770366313,6617adb8e10537e73df52203,6617ad57e10537e6f9e78714,10
6617ae35e10537e770366314,6617adb7e10537e740772e29,6617ad57e10537e740772e0b,11
6617ae35e10537e770366315,6617adb7e10537e7a3c973c1,6617ad57e10537e7916ba28c,54
6617ae35e10537e770366316,6617adb7e10537e7a67f3f88,6617ad57e10537e73df521d2,31
6617ae35e10537e770366317,6617adb7e10537e841ea2ea2,6617ad57e10537e7a3c973b7,93
6617ae35e10537e770366318,6617adb7e10537e841ea2eb2,6617ad57e10537e8b1b760b9,0
6617ae35e10537e770366319,6617adb7e10537e7703662fc,6617ad57e10537e7a3c973a2,82
6617ae35e10537e77036631a,6617adb7e10537e7916ba2af,6617ad57e10537e80c7b875f,83
6617ae35e10537e77036631b,6617adb7e10537e7703662f8,6617ad57e10537e7714b2102,27
6617ae35e10537e77036631c,6617adb7e10537e82b6ef85c,6617ad57e10537e80c7b8750,88
6617ae35e10537e77036631d,6617adb7e10537e7e7de07eb,6617ad57e10537e85f4fe55f,40
6617ae35e10537e77036631e,6617adb7e10537e7e7de07e2,6617ad57e10537e8a3bcf23b,76
6617ae35e10537e77036631f,6617adb7e10537e7703662fa,6617ad57e10537e8b1b760ad,88
6617ae35e10537e770366320,6617adb7e10537e83cb67554,6617ad57e10537e8928bc042,71
6617ae35e10537e770366321,6617adb7e10537e7c521049d,6617ad57e10537e71b41ab46,22
6617ae35e10537e770366322,6617adb7e10537e7a67f3f91,6617ad57e10537e7a3c973ac,58
6617ae35e10537e770366323,6617adb7e10537e8928bc060,6617ad57e10537e73df521d5,94
6617ae34e10537e7c2855c8e,6617adb7e10537e8928bc059,6617ad57e10537e6c405f900,55
6617ae35e10537e7c2855c8f,6617adb7e10537e75294a08d,6617ad57e10537e8d6b75fc6,80
6617ae35e10537e7c2855c90,6617adb7e10537e7714b2133,6617ad57e10537e7c5210477,90
6617ae35e10537e7c2855c91,6617adb7e10537e83cb67542,6617ad57e10537e6dda6ccdf,72
6617ae35e10537e7c2855c92,6617adb7e10537e73df521f6,6617ad57e10537e6c405f8ff,2
6617ae35e10537e7c2855c93,6617adb7e10537e7c521049f,6617ad57e10537e6f9e78725,35
6617ae35e10537e7c2855c94,6617adb7e10537e8b1b760d0,6617ad57e10537e71b41ab2a,100
6617ae35e10537e7c2855c95,6617adb7e10537e8c57ab4b3,6617ad57e10537e7714b2104,68
6617ae35e10537e7c2855c96,6617adb7e10537e75294a09f,6617ad57e10537e73df521e2,2
6617ae35e10537e7c2855c97,6617adb7e10537e740772e1d,6617ad57e10537e7703662e4,68
6617ae35e10537e7c2855c98,6617adb7e10537e7e7de07de,6617ad57e10537e85f4fe55c,74
6617ae35e10537e7c2855c99,6617adb7e10537e72c310266,6617ad57e10537e7b003c7ff,15
6617ae35e10537e7c2855c9a,6617adb7e10537e8a3bcf26b,6617ad57e10537e6f9e78712,44
6617ae35e10537e7c2855c9b,6617adb7e10537e841ea2eaf,6617ad57e10537e7b003c809,52
6617ae35e10537e7c2855c9c,6617adb7e10537e70a816d64,6617ad57e10537e71b41ab3e,26
6617ae35e10537e7c2855c9d,6617adb7e10537e7e7de07e7,6617ad57e10537e740772e0d,19
6617ae35e10537e7c2855c9e,6617adb7e10537e8c57ab4c2,6617ad57e10537e7a67f3f7a,0
6617ae35e10537e7c2855c9f,6617adb7e10537e7703662f1,6617ad57e10537e7b003c7fe,48
6617ae35e10537e7c2855ca0,6617adb7e10537e841ea2ea8,6617ad57e10537e7a3c973aa,2
6617ae35e10537e7c2855ca1,6617adb7e10537e85f4fe57c,6617ad57e10537e72c31023a,45
6617ae35e10537e7c2855ca2,6617adb7e10537e7b003c82d,6617ad57e10537e6f9e7871e,12
6617ae35e10537e7c2855ca3,6617adb7e10537e8c57ab4b4,6617ad57e10537e7e7de07ca,7
6617ae35e10537e7c2855ca4,6617adb7e10537e71b41ab50,6617ad57e10537e83cb67539,93
6617ae35e10537e7c2855ca5,6617adb8e10537e8d6b75ff2,6617ad57e10537e7703662d2,19
6617ae35e10537e7c2855ca6,6617adb7e10537e8c57ab4b2,6617ad57e10537e7714b210b,61
6617ae35e10537e7c2855ca7,6617adb7e10537e83e6ca5de,6617ad57e10537e83cb67534,95
6617ae35e10537e7c2855ca8,6617adb7e10537e73df521e8,6617ad57e10537e6f9e7872b,10
6617ae35e10537e7c2855ca9,6617adb7e10537e8b1b760d5,6617ad57e10537e75294a06b,31
6617ae35e10537e7c2855caa,6617adb7e10537e6c405f928,6617ad57e10537e7b003c7fc,43
6617ae35e10537e7c2855cab,6617adb7e10537e7c2855c6f,6617ad57e10537e8d6b75fb8,76
6617ae35e10537e7c2855cac,6617adb7e10537e7b003c82b,6617ad57e10537e7916ba28b,25
6617ae34e10537e841ea2eb9,6617adb7e10537e73df521fe,6617ad57e10537e75294a086,97
6617ae35e10537e841ea2eba,6617adb7e10537e6f9e78745,6617ad57e10537e71b41ab3f,44
6617ae35e10537e841ea2ebb,6617adb7e10537e73df521e6,6617ad57e10537e71b41ab33,55
6617ae35e10537e841ea2ebc,6617adb8e10537e71b41ab65,6617ad57e10537e70a816d36,62
6617ae35e10537e841ea2ebd,6617adb7e10537e82b6ef85b,6617ad57e10537e6dda6ccf8,64
6617ae35e10537e841ea2ebe,6617adb7e10537e80985c4e4,6617ad57e10537e8d6b75fc4,45
6617ae35e10537e841ea2ebf,6617adb7e10537e80c7b877d,6617ad57e10537e85f4fe56c,66
6617ae35e10537e841ea2ec0,6617adb7e10537e7a3c973cd,6617ad57e10537e6f9e7872d,90
6617ae35e10537e841ea2ec1,6617adb7e10537e7a67f3f86,6617ad57e10537e8b1b760ba,94
6617ae35e10537e841ea2ec2,6617adb8e10537e8d6b75ff0,6617ad57e10537e7a67f3f74,35
6617ae35e10537e841ea2ec3,6617adb7e10537e7714b211c,6617ad57e10537e7a3c973a9,76
6617ae35e10537e841ea2ec4,6617adb7e10537e8a3bcf251,6617ad57e10537e72c31022d,64
6617ae35e10537e841ea2ec5,6617adb7e10537e8b1b760de,6617ad57e10537e7714b2116,66
6617ae35e10537e841ea2ec6,6617adb7e10537e83cb6754e,6617ad57e10537e8b1b760aa,30
6617ae35e10537e841ea2ec7,6617adb7e10537e8b1b760d5,6617ad57e10537e80c7b874c,96
6617ae35e10537e841ea2ec8,6617adb7e10537e8c57ab4bd,6617ad57e10537e82b6ef84a,11
6617ae35e10537e841ea2ec9,6617adb8e10537e72c31026a,6617ad57e10537e75294a07e,54
6617ae35e10537e841ea2eca,6617adb7e10537e8b1b760d7,6617ad57e10537e6c405f90c,65
6617ae35e10537e841ea2ecb,6617adb7e10537e8a3bcf25f,6617ad57e10537e740772e12,6
6617ae35e10537e841ea2ecc,6617adb7e10537e7c521049e,6617ad57e10537e7c2855c6b,4
6617ae35e10537e841ea2ecd,6617adb7e10537e83cb67553,6617ad57e10537e8c57ab490,80
6617ae35e10537e841ea2ece,6617adb7e10537e75294a0a7,6617ad57e10537e8c57ab4a7,61
6617ae35e10537e841ea2ecf,6617adb7e10537e7e7de07de,6617ad57e10537e85f4fe562,59
6617ae35e10537e841ea2ed0,6617adb7e10537e6f9e7872f,6617ad57e10537e8928bc041,75
6617ae35e10537e841ea2ed1,6617adb7e10537e73df521e5,6617ad57e10537e72c310243,26
6617ae35e10537e841ea2ed2,6617adb7e10537e83cb67545,6617ad57e10537e7e7de07b9,12
6617ae35e10537e841ea2ed3,6617adb7e10537e7a67f3f85,6617ad57e10537e71b41ab37,19
6617ae35e10537e841ea2ed4,6617adb8e10537e875099d0d,6617ad57e10537e83cb67527,52
6617ae35e10537e841ea2ed5,6617adb7e10537e83cb67557,6617ad57e10537e83e6ca5ba,26
6617ae35e10537e841ea2ed6,6617adb7e10537e841ea2ea8,6617ad57e10537e82b6ef84d,94
6617ae35e10537e841ea2ed7,6617adb7e10537e7a3c973c1,6617ad57e10537e83cb67524,35
6617ae34e10537e7a67f3fa0,6617adb7e10537e7b003c825,6617ad57e10537e740772dfd,9
6617ae35e10537e7a67f3fa1,6617adb7e10537e6d7ef130a,6617ad57e10537e83cb67538,30
6617ae35e10537e7a67f3fa2,6617adb7e10537e841ea2eac,6617ad57e10537e73df521d5,62
6617ae35e10537e7a67f3fa3,6617adb7e10537e770366303,6617ad57e10537e7e7de07cf,29
6617ae35e10537e7a67f3fa4,6617adb7e10537e841ea2ea1,6617ad57e10537e80985c4b1,47
6617ae35e10537e7a67f3fa5,6617adb7e10537e6f9e78742,6617ad57e10537e73df521d1,53
6617ae35e10537e7a67f3fa6,6617adb7e10537e73df521ee,6617ad57e10537e7714b2116,89
6617ae35e10537e7a67f3fa7,6617adb7e10537e71b41ab61,6617ad57e10537e7c521048d,74
6617ae35e10537e7a67f3fa8,6617adb7e10537e73df521f9,6617ad57e10537e8d6b75fcd,4
6617ae35e10537e7a67f3fa9,6617adb7e10537e7a3c973c2,6617ad57e10537e7e7de07c8,78
6617ae35e10537e7a67f3faa,6617adb7e10537e72c31025b,6617ad57e10537e80985c4bd,72
6617ae35e10537e7a67f3fab,6617adb7e10537e7e7de07d6,6617ad57e10537e82b6ef84f,4
6617ae35e10537e7a67f3fac,6617adb7e10537e80c7b8781,6617ad57e10537e6f9e78725,88
6617ae35e10537e7a67f3fad,6617adb7e10537e6c405f91e,6617ad57e10537e7c2855c6e,32
6617ae35e10537e7a67f3fae,6617adb7e10537e7c2855c7c,6617ad57e10537e6dda6cce0,66
6617ae35e10537e7a67f3faf,6617adb7e10537e7714b2134,6617ad57e10537e72c31023b,16
6617ae35e10537e7a67f3fb0,6617adb7e10537e83e6ca5d5,6617ad57e10537e6dda6cce2,87
6617ae35e10537e7a67f3fb1,6617adb7e10537e7b003c827,6617ad57e10537e6f9e78719,6
6617ae35e10537e7a67f3fb2,6617adb7e10537e770366301,6617ad57e10537e80c7b8759,36
6617ae35e10537e7a67f3fb3,6617adb7e10537e6dda6cd16,6617ad57e10537e875099ce4,8
6617ae35e10537e7a67f3fb4,6617adb7e10537e841ea2ea8,6617ad57e10537e73df521d7,70
6617ae35e10537e7a67f3fb5,6617adb7e10537e8a3bcf26a,6617ad57e10537e7a3c973a2,40
6617ae35e10537e7a67f3fb6,6617adb7e10537e7a3c973c9,6617ad57e10537e7a3c973b0,14
6617ae35e10537e7a67f3fb7,6617adb7e10537e8d6b75fe0,6617ad57e10537e72c310246,87
6617ae35e10537e7a67f3fb8,6617adb7e10537e6d7ef130f,6617ad57e10537e83e6ca5ca,1
6617ae35e10537e7a67f3fb9,6617adb7e10537e6dda6ccfa,6617ad57e10537e841ea2e93,86
6617ae35e10537e7a67f3fba,6617adb7e10537e7916ba2c2,6617ad57e10537e7b003c800,3
6617ae35e10537e7a67f3fbb,6617adb7e10537e7703662f8,6617ad57e10537e7714b20f9,83
6617ae35e10537e7a67f3fbc,6617adb7e10537e8a3bcf268,6617ad57e10537e740772e08,34
6617ae35e10537e7a67f3fbd,6617adb7e10537e7a67f3f8c,6617ad57e10537e73df521d3,45
6617ae35e10537e7a67f3fbe,6617adb7e10537e8c57ab4b0,6617ad57e10537e80c7b874c,31
6617ae34e10537e82b6ef871,6617adb7e10537e7a67f3f8d,6617ad57e10537e8b1b760c7,76
6617ae35e10537e82b6ef872,6617adb7e10537e740772e2a,6617ad57e10537e875099ce0,9
6617ae35e10537e82b6ef873,6617adb7e10537e875099d07,6617ad57e10537e8a3bcf245,22
6617ae35e10537e82b6ef874,6617adb7e10537e82b6ef85a,6617ad57e10537e7714b20ff,1
6617ae35e10537e82b6ef875,6617adb7e10537e70a816d54,6617ad57e10537e740772df4,50
6617ae35e10537e82b6ef876,6617adb7e10537e6c405f92c,6617ad57e10537e7916ba286,40
6617ae35e10537e82b6ef877,6617adb7e10537e83cb67555,6617ad57e10537e8c57ab48f,5
6617ae35e10537e82b6ef878,6617adb7e10537e7b003c82f,6617ad57e10537e7a3c973b3,77
6617ae35e10537e82b6ef879,6617adb7e10537e6c405f917,6617ad57e10537e6f9e7871b,21
6617ae35e10537e82b6ef87a,6617adb8e10537e8d6b75ff3,6617ad57e10537e7c5210484,81
6617ae35e10537e82b6ef87b,6617adb7e10537e82b6ef864,6617ad57e10537e7703662d6,33
6617ae35e10537e82b6ef87c,6617adb7e10537e75294a08e,6617ad57e10537e72c31023b,67
6617ae35e10537e82b6ef87d,6617adb7e10537e8c57ab4ba,6617ad57e10537e6c405f914,16
6617ae35e10537e82b6ef87e,6617adb7e10537e6d7ef12fc,6617ad57e10537e71b41ab42,77
6617ae35e10537e82b6ef87f,6617adb8e10537e7b003c831,6617ad57e10537e7a67f3f6f,23
6617ae35e10537e82b6ef880,6617adb7e10537e83cb67551,6617ad57e10537e8a3bcf23c,57
6617ae35e10537e82b6ef881,6617adb7e10537e7c52104a8,6617ad57e10537e7c5210486,56
6617ae35e10537e82b6ef882,6617adb7e10537e70a816d6a,6617ad57e10537e740772dfe,16
6617ae35e10537e82b6ef883,6617adb7e10537e8c57ab4c0,6617ad57e10537e7e7de07b6,95
6617ae35e10537e82b6ef884,6617adb7e10537e80985c4d3,6617ad57e10537e8a3bcf230,96
6617ae35e10537e82b6ef885,6617adb7e10537e8928bc052,6617ad57e10537e6c405f902,73
6617ae35e10537e82b6ef886,6617adb7e10537e7a3c973bc,6617ad57e10537e8a3bcf22f,79
6617ae35e10537e82b6ef887,6617adb7e10537e82b6ef869,6617ad57e10537e7714b2117,0
6617ae35e10537e82b6ef888,6617adb7e10537e82b6ef868,6617ad57e10537e85f4fe566,52
6617ae35e10537e82b6ef889,6617adb8e10537e8b1b760e6,6617ad57e10537e875099ceb,35
6617ae35e10537e82b6ef88a,6617adb7e10537e70a816d63,6617ad57e10537e82b6ef83f,82
6617ae35e10537e82b6ef88b,6617adb7e10537e875099cf2,6617ad57e10537e7703662d4,10
6617ae35e10537e82b6ef88c,6617adb7e10537e875099d05,6617ad57e10537e80c7b875a,19
6617ae35e10537e82b6ef88d,6617adb7e10537e841ea2e9e,6617ad57e10537e7b003c7f6,91
6617ae35e10537e82b6ef88e,6617adb7e10537e6dda6cd0b,6617ad57e10537e8b1b760ab,98
6617ae35e10537e82b6ef88f,6617adb7e10537e80c7b8777,6617ad57e10537e875099ce5,12
6617ae34e10537e80c7b8783,6617adb7e10537e740772e26,6617ad57e10537e7703662d9,69
6617ae35e10537e80c7b8784,6617adb8e10537e7c2855c8d,6617ad57e10537e82b6ef83a,74
6617ae35e10537e80c7b8785,6617adb7e10537e6d7ef1300,6617ad57e10537e7a67f3f6e,50
6617ae35e10537e80c7b8786,6617adb7e10537e7c2855c76,6617ad57e10537e70a816d40,62
6617ae35e10537e80c7b8787,6617adb7e10537e70a816d69,6617ad57e10537e6d7ef12ee,66
6617ae35e10537e80c7b8788,6617adb7e10537e6dda6cd14,6617ad57e10537e7714b20fe,50
6617ae35e10537e80c7b8789,6617adb7e10537e7916ba2be,6617ad57e10537e875099ce2,4
6617ae35e10537e80c7b878a,6617adb7e10537e7703662f4,6617ad57e10537e73df521da,66
6617ae35e10537e80c7b878b,6617adb7e10537e8b1b760e4,6617ad57e10537e7714b2109,9
6617ae35e10537e80c7b878c,6617adb7e10537e7a67f3f9a,6617ad57e10537e740772e0a,34
6617ae35e10537e80c7b878d,6617adb7e10537e7e7de07df,6617ad57e10537e8d6b75fcc,100
6617ae35e10537e80c7b878e,6617adb7e10537e83cb67558,6617ad57e10537e72c310248,9
6617ae35e10537e80c7b878f,6617adb7e10537e80c7b877b,6617ad57e10537e83e6ca5b4,100
6617ae35e10537e80c7b8790,6617adb7e10537e72c310266,6617ad57e10537e8c57ab49e,73
6617ae35e10537e80c7b8791,6617adb7e10537e6dda6cd03,6617ad57e10537e82b6ef841,43
6617ae35e10537e80c7b8792,6617adb7e10537e80985c4d9,6617ad57e10537e83e6ca5c3,67
6617ae35e10537e80c7b8793,6617adb7e10537e7714b211b,6617ad57e10537e875099ced,77
6617ae35e10537e80c7b8794,6617adb7e10537e8928bc05f,6617ad57e10537e83e6ca5bf,6
6617ae35e10537e80c7b8795,6617adb7e10537e72c310264,6617ad57e10537e7916ba296,37
6617ae35e10537e80c7b8796,6617adb7e10537e6c405f91c,6617ad57e10537e75294a075,59
6617ae35e10537e80c7b8797,6617adb7e10537e740772e17,6617ad57e10537e8928bc049,31
6617ae35e10537e80c7b8798,6617adb7e10537e8d6b75fdc,6617ad57e10537e7703662c9,6
6617ae35e10537e80c7b8799,6617adb7e10537e71b41ab59,6617ad57e10537e83cb67534,18
6617ae35e10537e80c7b879a,6617adb7e10537e7703662fa,6617ad57e10537e8c57ab4a1,85
6617ae35e10537e80c7b879b,6617adb7e10537e6dda6cd04,6617ad57e10537e85f4fe56a,34
6617ae35e10537e80c7b879c,6617adb8e10537e7b003c831,6617ad57e10537e83e6ca5b7,2
6617ae35e10537e80c7b879d,6617adb7e10537e8a3bcf25e,6617ad57e10537e875099cd6,72
6617ae35e10537e80c7b879e,6617adb7e10537e75294a0a3,6617ad57e10537e841ea2e7d,10
6617ae35e10537e80c7b879f,6617adb7e10537e83e6ca5dd,6617ad57e10537e7a67f3f7f,95
6617ae35e10537e80c7b87a0,6617adb7e10537e82b6ef86d,6617ad57e10537e70a816d35,98
6617ae35e10537e80c7b87a1,6617adb7e10537e80985c4df,6617ad57e10537e6dda6ccee,3
6617ae34e10537e7b003c832,6617adb7e10537e8b1b760da,6617ad57e10537e8928bc02c,37
6617ae35e10537e7b003c833,6617adb7e10537e7916ba2bb,6617ad57e10537e73df521d7,54
6617ae35e10537e7b003c834,6617adb7e10537e7703662f7,6617ad57e10537e8d6b75fd0,22
6617ae35e10537e7b003c835,6617adb7e10537e85f4fe58e,6617ad57e10537e83cb67528,74
6617ae35e10537e7b003c836,6617adb7e10537e7a3c973d3,6617ad57e10537e8a3bcf22f,51
6617ae35e10537e7b003c837,6617adb7e10537e80985c4ce,6617ad57e10537e8d6b75fc5,85
6617ae35e10537e7b003c838,6617adb7e10537e73df521ee,6617ad57e10537e8c57ab4a7,57
6617ae35e10537e7b003c839,6617adb7e10537e75294a098,6617ad57e10537e73df521e2,18
6617ae35e10537e7b003c83a,6617adb7e10537e80985c4e1,6617ad57e10537e6dda6ccdf,25
6617ae35e10537e7b003c83b,6617adb7e10537e841ea2e9d,6617ad57e10537e7c2855c65,88
6617ae35e10537e7b003c83c,6617adb8e10537e83e6ca5ec,6617ad57e10537e7a3c973a3,24
6617ae35e10537e7b003c83d,6617adb7e10537e70a816d61,6617ad57e10537e82b6ef850,6
6617ae35e10537e7b003c83e,6617adb7e10537e6f9e78741,6617ad57e10537e82b6ef84e,27
6617ae35e10537e7b003c83f,6617adb7e10537e80985c4e2,6617ad57e10537e73df521d5,82
6617ae35e10537e7b003c840,6617adb7e10537e7916ba2b8,6617ad57e10537e83e6ca5bc,93
6617ae35e10537e7b003c841,6617adb7e10537e82b6ef86b,6617ad57e10537e7a3c973a4,20
6617ae35e10537e7b003c842,6617adb7e10537e80c7b8764,6617ad57e10537e7b003c803,0
6617ae35e10537e7b003c843,6617adb7e10537e72c31025b,6617ad57e10537e7b003c804,58
6617ae35e10537e7b003c844,6617adb7e10537e70a816d52,6617ad57e10537e8c57ab4ac,19
6617ae35e10537e7b003c845,6617adb7e10537e740772e18,6617ad57e10537e7b003c7fb,16
6617ae35e10537e7b003c846,6617adb7e10537e8c57ab4bc,6617ad57e10537e80985c4c1,43
6617ae35e10537e7b003c847,6617adb7e10537e80c7b8777,6617ad57e10537e740772e0c,55
6617ae35e10537e7b003c848,6617adb7e10537e8d6b75fe3,6617ad57e10537e6f9e7871e,58
6617ae35e10537e7b003c849,6617adb7e10537e8d6b75fe4,6617ad57e10537e7e7de07b9,67
6617ae35e10537e7b003c84a,6617adb7e10537e7e7de07df,6617ad57e10537e80c7b8746,20
6617ae35e10537e7b003c84b,6617adb7e10537e73df52200,6617ad57e10537e83cb6752c,54
6617ae35e10537e7b003c84c,6617adb7e10537e8a3bcf264,6617ad57e10537e6dda6cce9,74
6617ae35e10537e7b003c84d,6617adb7e10537e7c2855c74,6617ad57e10537e7b003c7f5,91
6617ae35e10537e7b003c84e,6617adb7e10537e875099cf8,6617ad57e10537e875099ce9,22
6617ae35e10537e7b003c84f,6617adb8e10537e7a67f3f9f,6617ad57e10537e85f4fe571,57
6617ae35e10537e7b003c850,6617adb7e10537e7c2855c88,6617ad57e10537e80c7b875f,77
6617ae34e10537e875099d0e,6617adb7e10537e7b003c828,6617ad57e10537e6dda6ccf6,83
6617ae35e10537e875099d0f,6617adb7e10537e73df521f6,6617ad57e10537e6c405f90d,66
6617ae35e10537e875099d10,6617adb7e10537e841ea2e9d,6617ad57e10537e8928bc047,96
6617ae35e10537e875099d11,6617adb7e10537e83e6ca5dc,6617ad57e10537e72c31023b,39
6617ae35e10537e875099d12,6617adb7e10537e6c405f933,6617ad57e10537e80985c4b6,54
6617ae35e10537e875099d13,6617adb7e10537e85f4fe57c,6617ad57e10537e7a67f3f64,14
6617ae35e10537e875099d14,6617adb7e10537e80985c4d7,6617ad57e10537e6c405f905,11
6617ae35e10537e875099d15,6617adb7e10537e7703662f5,6617ad57e10537e71b41ab3d,77
6617ae35e10537e875099d16,6617adb7e10537e6dda6cd14,6617ad57e10537e71b41ab3c,71
6617ae35e10537e875099d17,6617adb7e10537e7c2855c76,6617ad57e10537e72c31022d,94
6617ae35e10537e875099d18,6617adb7e10537e70a816d56,6617ad57e10537e6f9e7872a,7
6617ae35e10537e875099d19,6617adb8e10537e8d6b75ff3,6617ad57e10537e80985c4b5,12
6617ae35e10537e875099d1a,6617adb7e10537e7c52104a0,6617ad57e10537e7714b210f,67
6617ae35e10537e875099d1b,6617adb7e10537e841ea2eb7,6617ad57e10537e875099cee,2
6617ae35e10537e875099d1c,6617adb7e10537e740772e27,6617ad57e10537e6d7ef12e4,52
6617ae35e10537e875099d1d,6617adb7e10537e8b1b760db,6617ad57e10537e7916ba28e,94
6617ae35e10537e875099d1e,6617adb7e10537e8d6b75fd6,6617ad57e10537e75294a083,42
6617ae35e10537e875099d1f,6617adb7e10537e7714b211e,6617ad57e10537e8c57ab492,38
6617ae35e10537e875099d20,6617adb7e10537e8a3bcf256,6617ad57e10537e72c31024a,48
6617ae35e10537e875099d21,6617adb7e10537e8a3bcf264,6617ad57e10537e7a67f3f6e,13
6617ae35e10537e875099d22,6617adb7e10537e8c57ab4b1,6617ad57e10537e72c310249,97
6617ae35e10537e875099d23,6617adb7e10537e740772e17,6617ad57e10537e75294a07b,67
6617ae35e10537e875099d24,6617adb7e10537e71b41ab4a,6617ad57e10537e8928bc036,97
6617ae35e10537e875099d25,6617adb7e10537e875099cfb,6617ad57e10537e6c405f903,71
6617ae35e10537e875099d26,6617adb7e10537e70a816d6f,6617ad57e10537e6f9e7870f,62
6617ae35e10537e875099d27,6617adb7e10537e80c7b8778,6617ad57e10537e75294a082,68
6617ae35e10537e875099d28,6617adb7e10537e7a67f3f86,6617ad57e10537e72c31023f,27
6617ae35e10537e875099d29,6617adb8e10537e8d6b75ff1,6617ad57e10537e6dda6ccda,34
6617ae35e10537e875099d2a,6617adb7e10537e8d6b75fec,6617ad57e10537e6dda6cceb,16
6617ae35e10537e875099d2b,6617adb7e10537e72c310268,6617ad57e10537e6c405f90b,89
6617ae35e10537e875099d2c,6617adb7e10537e82b6ef853,6617ad57e10537e8a3bcf23f,24
6617ae34e10537e75294a0a9,6617adb7e10537e7a3c973c7,6617ad57e10537e740772e03,55
6617ae35e10537e75294a0aa,6617adb7e10537e6c405f91f,6617ad57e10537e6dda6ccf4,46
6617ae35e10537e75294a0ab,6617adb7e10537e75294a0a3,6617ad57e10537e75294a06b,26
6617ae35e10537e75294a0ac,6617adb7e10537e841ea2ea5,6617ad57e10537e7714b2117,82
6617ae35e10537e75294a0ad,6617adb7e10537e8c57ab4bb,6617ad57e10537e83e6ca5c8,66
6617ae35e10537e75294a0ae,6617adb7e10537e6c405f925,6617ad57e10537e75294a087,93
6617ae35e10537e75294a0af,6617adb7e10537e7a3c973d6,6617ad57e10537e6c405f90b,52
6617ae35e10537e75294a0b0,6617adb7e10537e7e7de07e4,6617ad57e10537e7b003c80a,65
6617ae35e10537e75294a0b1,6617adb7e10537e75294a093,6617ad57e10537e80985c4ca,18
6617ae35e10537e75294a0b2,6617adb7e10537e85f4fe587,6617ad57e10537e6d7ef12e0,84
6617ae35e10537e75294a0b3,6617adb7e10537e6d7ef12fc,6617ad57e10537e83e6ca5b8,83
6617ae35e10537e75294a0b4,6617adb7e10537e71b41ab47,6617ad57e10537e8c57ab499,93
6617ae35e10537e75294a0b5,6617adb7e10537e80c7b877c,6617ad57e10537e6d7ef12eb,0
6617ae35e10537e75294a0b6,6617adb7e10537e71b41ab5a,6617ad57e10537e75294a077,19
6617ae35e10537e75294a0b7,6617adb7e10537e83e6ca5d7,6617ad57e10537e8d6b75fbe,80
6617ae35e10537e75294a0b8,6617adb7e10537e85f4fe57f,6617ad57e10537e73df521dc,100
6617ae35e10537e75294a0b9,6617adb7e10537e875099cfb,6617ad57e10537e7e7de07c1,12
6617ae35e10537e75294a0ba,6617adb7e10537e7a67f3f8b,6617ad57e10537e83e6ca5c9,3
6617ae35e10537e75294a0bb,6617adb7e10537e83e6ca5eb,6617ad57e10537e75294a07f,56
6617ae35e10537e75294a0bc,6617adb7e10537e71b41ab4f,6617ad57e10537e8928bc02f,84
6617ae35e10537e75294a0bd,6617adb7e10537e740772e1f,6617ad57e10537e7714b210e,16
6617ae35e10537e75294a0be,6617adb7e10537e8d6b75fd4,6617ad57e10537e85f4fe562,51
6617ae35e10537e75294a0bf,6617adb7e10537e83e6ca5df,6617ad57e10537e85f4fe56f,69
6617ae35e10537e75294a0c0,6617adb7e10537e7c52104a6,6617ad57e10537e8d6b75faf,56
6617ae35e10537e75294a0c1,6617adb7e10537e71b41ab48,6617ad57e10537e7703662ca,88
6617ae35e10537e75294a0c2,6617adb7e10537e7a3c973c9,6617ad57e10537e7a3c973a8,20
6617ae35e10537e75294a0c3,6617adb7e10537e875099cff,6617ad57e10537e8d6b75fbd,43
6617ae35e10537e75294a0c4,6617adb7e10537e7c2855c7d,6617ad57e10537e7703662dc,69
6617ae35e10537e75294a0c5,6617adb7e10537e70a816d6f,6617ad57e10537e80c7b8745,8
6617ae35e10537e75294a0c6,6617adb7e10537e83e6ca5d0,6617ad57e10537e6d7ef12f0,67
6617ae35e10537e75294a0c7,6617adb7e10537e80c7b8769,6617ad57e10537e70a816d4f,41
6617ae34e10537e6d7ef131a,6617adb7e10537e8a3bcf262,6617ad57e10537e70a816d4f,72
6617ae35e10537e6d7ef131b,6617adb8e10537e8d6b75ff1,6617ad57e10537e80c7b874b,15
6617ae35e10537e6d7ef131c,6617adb7e10537e7c2855c79,6617ad57e10537e7916ba29f,90
6617ae35e10537e6d7ef131d,6617adb7e10537e7c2855c87,6617ad57e10537e6c405f903,79
6617ae35e10537e6d7ef131e,6617adb8e10537e7916ba2c3,6617ad57e10537e7a67f3f77,62
6617ae35e10537e6d7ef131f,6617adb7e10537e6c405f919,6617ad57e10537e80c7b875a,62
6617ae35e10537e6d7ef1320,6617adb7e10537e82b6ef860,6617ad57e10537e83cb67533,16
6617ae35e10537e6d7ef1321,6617adb7e10537e73df521eb,6617ad57e10537e83cb67538,99
6617ae35e10537e6d7ef1322,6617adb7e10537e740772e14,6617ad57e10537e71b41ab3f,89
6617ae35e10537e6d7ef1323,6617adb7e10537e71b41ab5c,6617ad57e10537e740772df5,69
6617ae35e10537e6d7ef1324,6617adb7e10537e7a3c973d2,6617ad57e10537e8d6b75fcd,23
6617ae35e10537e6d7ef1325,6617adb7e10537e8d6b75fee,6617ad57e10537e7a3c973aa,6
6617ae35e10537e6d7ef1326,6617adb7e10537e7b003c814,6617ad57e10537e6f9e7871b,60
6617ae35e10537e6d7ef1327,6617adb7e10537e6dda6cd0e,6617ad57e10537e7703662c8,93
6617ae35e10537e6d7ef1328,6617adb7e10537e7916ba2c2,6617ad57e10537e7a67f3f6d,41
6617ae35e10537e6d7ef1329,6617adb7e10537e6f9e7873f,6617ad57e10537e72c310234,93
6617ae35e10537e6d7ef132a,6617adb7e10537e85f4fe586,6617ad57e10537e7703662d5,36
6617ae35e10537e6d7ef132b,6617adb7e10537e7916ba2b5,6617ad57e10537e6f9e78729,40
6617ae35e10537e6d7ef132c,6617adb7e10537e83e6ca5d7,6617ad57e10537e7a67f3f7e,4
6617ae35e10537e6d7ef132d,6617adb7e10537e83cb67540,6617ad57e10537e72c310241,52
6617ae35e10537e6d7ef132e,6617adb7e10537e7a3c973c8,6617ad57e10537e83e6ca5b9,3
6617ae35e10537e6d7ef132f,6617adb7e10537e80c7b876e,6617ad57e10537e7a3c973a7,31
6617ae35e10537e6d7ef1330,6617adb7e10537e8a3bcf265,6617ad57e10537e841ea2e8d,5
6617ae35e10537e6d7ef1331,6617adb7e10537e8c57ab4b8,6617ad57e10537e8d6b75fb1,28
6617ae35e10537e6d7ef1332,6617adb7e10537e7916ba2a5,6617ad57e10537e83e6ca5c0,25
6617ae35e10537e6d7ef1333,6617adb7e10537e6c405f91a,6617ad57e10537e8a3bcf248,13
6617ae35e10537e6d7ef1334,6617adb7e10537e6d7ef1305,6617ad57e10537e6dda6ccda,6
6617ae35e10537e6d7ef1335,6617adb7e10537e75294a0a0,6617ad57e10537e6c405f8f7,17
6617ae35e10537e6d7ef1336,6617adb7e10537e75294a091,6617ad57e10537e72c310239,37
6617ae35e10537e6d7ef1337,6617adb7e10537e70a816d56,6617ad57e10537e6c405f90e,60
6617ae35e10537e6d7ef1338,6617adb7e10537e7b003c816,6617ad57e10537e6dda6cce7,98
6617ae34e10537e6dda6cd18,6617adb7e10537e72c310257,6617ad57e10537e70a816d4e,46
6617ae35e10537e6dda6cd19,6617adb7e10537e72c310260,6617ad57e10537e841ea2e8b,44
6617ae35e10537e6dda6cd1a,6617adb7e10537e8d6b75fe9,6617ad57e10537e85f4fe55b,31
6617ae35e10537e6dda6cd1b,6617adb7e10537e7916ba2b1,6617ad57e10537e740772e0e,43
6617ae35e10537e6dda6cd1c,6617adb7e10537e72c310265,6617ad57e10537e7c2855c61,44
6617ae35e10537e6dda6cd1d,6617adb7e10537e7e7de07d8,6617ad57e10537e7714b2110,92
6617ae35e10537e6dda6cd1e,6617adb7e10537e7c2855c83,6617ad57e10537e7c2855c52,12
6617ae35e10537e6dda6cd1f,6617adb7e10537e6dda6cd01,6617ad57e10537e841ea2e95,82
6617ae35e10537e6dda6cd20,6617adb7e10537e7b003c830,6617ad57e10537e6f9e7871c,9
6617ae35e10537e6dda6cd21,6617adb7e10537e80985c4d9,6617ad57e10537e75294a077,25
6617ae35e10537e6dda6cd22,6617adb7e10537e83cb6754e,6617ad57e10537e841ea2e96,51
6617ae35e10537e6dda6cd23,6617adb7e10537e80c7b876b,6617ad57e10537e6f9e78727,16
6617ae35e10537e6dda6cd24,6617adb7e10537e740772e25,6617ad57e10537e7a67f3f6d,89
6617ae35e10537e6dda6cd25,6617adb7e10537e740772e1d,6617ad57e10537e82b6ef84f,38
6617ae35e10537e6dda6cd26,6617adb7e10537e7b003c817,6617ad57e10537e8d6b75fae,72
6617ae35e10537e6dda6cd27,6617adb7e10537e83e6ca5e7,6617ad57e10537e7a3c9739e,69
6617ae35e10537e6dda6cd28,6617adb7e10537e6f9e78734,6617ad57e10537e6c405f900,6
6617ae35e10537e6dda6cd29,6617adb7e10537e80985c4d2,6617ad57e10537e73df521cc,8
6617ae35e10537e6dda6cd2a,6617adb7e10537e83cb67540,6617ad57e10537e8c57ab49a,19
6617ae35e10537e6dda6cd2b,6617adb7e10537e7e7de07e0,6617ad57e10537e7c2855c5e,5
6617ae35e10537e6dda6cd2c,6617adb8e10537e7c2855c8d,6617ad57e10537e7714b2115,94
6617ae35e10537e6dda6cd2d,6617adb7e10537e7916ba2b4,6617ad57e10537e82b6ef850,0
6617ae35e10537e6dda6cd2e,6617adb7e10537e6d7ef1314,6617ad57e10537e875099cec,5
6617ae35e10537e6dda6cd2f,6617adb7e10537e83cb67552,6617ad57e10537e7916ba28e,51
6617ae35e10537e6dda6cd30,6617adb8e10537e85f4fe593,6617ad57e10537e7a67f3f66,76
6617ae35e10537e6dda6cd31,6617adb7e10537e73df521ee,6617ad57e10537e7916ba293,90
6617ae35e10537e6dda6cd32,6617adb7e10537e7a3c973d5,6617ad57e10537e7916ba28d,63
6617ae35e10537e6dda6cd33,6617adb7e10537e6c405f92e,6617ad57e10537e875099ce6,69
6617ae35e10537e6dda6cd34,6617adb7e10537e7714b2118,6617ad57e10537e8a3bcf230,66
6617ae35e10537e6dda6cd35,6617adb7e10537e75294a09e,6617ad57e10537e7714b2106,66
6617ae35e10537e6dda6cd36,6617adb7e10537e70a816d55,6617ad57e10537e7c5210478,72
6617ae34e10537e7714b2137,6617adb7e10537e6f9e78748,6617ad57e10537e7916ba29a,35
6617ae35e10537e7714b2138,6617adb7e10537e7a67f3f87,6617ad57e10537e83cb6752e,96
6617ae35e10537e7714b2139,6617adb7e10537e7c2855c83,6617ad57e10537e82b6ef83b,2
6617ae35e10537e7714b213a,6617adb7e10537e6dda6cd07,6617ad57e10537e7a3c9739c,38
6617ae35e10537e7714b213b,6617adb7e10537e6f9e78747,6617ad57e10537e7916ba287,80
6617ae35e10537e7714b213c,6617adb7e10537e73df521f9,6617ad57e10537e6c405f90c,40
6617ae35e10537e7714b213d,6617adb7e10537e7a67f3f86,6617ad57e10537e83cb67533,17
6617ae35e10537e7714b213e,6617adb7e10537e80c7b877c,6617ad57e10537e70a816d41,23
6617ae35e10537e7714b213f,6617adb7e10537e75294a08a,6617ad57e10537e75294a074,82
6617ae35e10537e7714b2140,6617adb7e10537e71b41ab5d,6617ad57e10537e83e6ca5b4,88
6617ae35e10537e7714b2141,6617adb7e10537e740772e1f,6617ad57e10537e875099cd4,40
6617ae35e10537e7714b2142,6617adb7e10537e841ea2ea1,6617ad57e10537e6f9e78727,86
6617ae35e10537e7714b2143,6617adb7e10537e7b003c82b,6617ad57e10537e80985c4b9,39
6617ae35e10537e7714b2144,6617adb7e10537e7b003c82a,6617ad57e10537e8d6b75fd0,80
6617ae35e10537e7714b2145,6617adb7e10537e7703662ee,6617ad57e10537e8c57ab49c,86
6617ae35e10537e7714b2146,6617adb7e10537e7a67f3f9e,6617ad57e10537e7703662cb,68
6617ae35e10537e7714b2147,6617adb7e10537e841ea2e9d,6617ad57e10537e7703662d2,89
6617ae35e10537e7714b2148,6617adb7e10537e70a816d5a,6617ad57e10537e6dda6ccf5,30
6617ae35e10537e7714b2149,6617adb7e10537e85f4fe58b,6617ad57e10537e80985c4be,36
6617ae35e10537e7714b214a,6617adb7e10537e7916ba2b6,6617ad57e10537e73df521d8,39
6617ae35e10537e7714b214b,6617adb7e10537e7714b2131,6617ad57e10537e83cb6752f,46
6617ae35e10537e7714b214c,6617adb7e10537e6c405f92a,6617ad57e10537e7c5210470,31
6617ae35e10537e7714b214d,6617adb7e10537e70a816d6b,6617ad57e10537e70a816d3c,45
6617ae35e10537e7714b214e,6617adb7e10537e85f4fe58e,6617ad57e10537e6d7ef12e7,73
6617ae35e10537e7714b214f,6617adb7e10537e8928bc050,6617ad57e10537e83e6ca5c5,95
6617ae35e10537e7714b2150,6617adb7e10537e7916ba2ba,6617ad57e10537e6f9e78711,86
6617ae35e10537e7714b2151,6617adb7e10537e72c310269,6617ad57e10537e8928bc046,26
6617ae35e10537e7714b2152,6617adb7e10537e82b6ef864,6617ad57e10537e7a67f3f80,52
6617ae35e10537e7714b2153,6617adb7e10537e8a3bcf265,6617ad57e10537e6d7ef12dc,14
6617ae35e10537e7714b2154,6617adb7e10537e70a816d64,6617ad57e10537e83e6ca5c1,72
6617ae35e10537e7714b2155,6617adb7e10537e7714b2129,6617ad57e10537e841ea2e81,92
6617ae34e10537e72c31026b,6617adb7e10537e8b1b760d2,6617ad57e10537e740772e04,31
6617ae35e10537e72c31026c,6617adb7e10537e8c57ab4c2,6617ad57e10537e85f4fe568,34
6617ae35e10537e72c31026d,6617adb7e10537e8c57ab4c3,6617ad57e10537e7a67f3f69,5
6617ae35e10537e72c31026e,6617adb7e10537e71b41ab4c,6617ad57e10537e80c7b8749,83
6617ae35e10537e72c31026f,6617adb7e10537e70a816d5c,6617ad57e10537e8b1b760ac,94
6617ae35e10537e72c310270,6617adb7e10537e6d7ef1317,6617ad57e10537e83e6ca5b5,22
6617ae35e10537e72c310271,6617adb7e10537e7a3c973cd,6617ad57e10537e70a816d49,38
6617ae35e10537e72c310272,6617adb7e10537e770366301,6617ad57e10537e7714b20fb,11
6617ae35e10537e72c310273,6617adb8e10537e8d6b75ff7,6617ad57e10537e7714b210e,76
6617ae35e10537e72c310274,6617adb7e10537e7c5210499,6617ad57e10537e7a67f3f6f,2
6617ae35e10537e72c310275,6617adb7e10537e7e7de07eb,6617ad57e10537e7b003c7f8,65
6617ae35e10537e72c310276,6617adb8e10537e8d6b75ff3,6617ad57e10537e7a3c973a6,56
6617ae35e10537e72c310277,6617adb7e10537e72c310264,6617ad57e10537e80c7b874a,16
6617ae35e10537e72c310278,6617adb7e10537e7714b2119,6617ad57e10537e71b41ab3b,30
6617ae35e10537e72c310279,6617adb7e10537e72c31025f,6617ad57e10537e80c7b8755,29
6617ae35e10537e72c31027a,6617adb7e10537e740772e24,6617ad57e10537e6dda6ccf6,26
6617ae35e10537e72c31027b,6617adb7e10537e6c405f918,6617ad57e10537e7c2855c5b,3
6617ae35e10537e72c31027c,6617adb7e10537e7c2855c86,6617ad57e10537e8a3bcf23e,71
6617ae35e10537e72c31027d,6617adb7e10537e7a3c973cb,6617ad57e10537e80985c4c6,76
6617ae35e10537e72c31027e,6617adb7e10537e7e7de07da,6617ad57e10537e80c7b8751,48
6617ae35e10537e72c31027f,6617adb7e10537e6dda6cd11,6617ad57e10537e80985c4cc,8
6617ae35e10537e72c310280,6617adb7e10537e7b003c82b,6617ad57e10537e82b6ef848,81
6617ae35e10537e72c310281,6617adb7e10537e7e7de07d6,6617ad57e10537e8928bc03d,66
6617ae35e10537e72c310282,6617adb7e10537e6dda6cd16,6617ad57e10537e72c310236,91
6617ae35e10537e72c310283,6617adb7e10537e75294a094,6617ad57e10537e80c7b8756,78
6617ae35e10537e72c310284,6617adb7e10537e7e7de07e5,6617ad57e10537e841ea2e91,34
6617ae35e10537e72c310285,6617adb7e10537e7a3c973be,6617ad57e10537e8a3bcf241,2
6617ae35e10537e72c310286,6617adb7e10537e6dda6cd0f,6617ad57e10537e85f4fe558,79
6617ae35e10537e72c310287,6617adb7e10537e8a3bcf26a,6617ad57e10537e875099ce2,57
6617ae35e10537e72c310288,6617adb7e10537e8a3bcf268,6617ad57e10537e80985c4c1,79
6617ae35e10537e72c310289,6617adb7e10537e80985c4e2,6617ad57e10537e7e7de07b8,62
6617ae34e10537e6f9e7874d,6617adb7e10537e73df521ff,6617ad57e10537e8d6b75fd0,79
6617ae35e10537e6f9e7874e,6617adb7e10537e770366300,6617ad57e10537e8a3bcf236,6
6617ae35e10537e6f9e7874f,6617adb7e10537e6d7ef130c,6617ad57e10537e83e6ca5be,84
6617ae35e10537e6f9e78750,6617adb7e10537e75294a0a1,6617ad57e10537e875099ceb,89
6617ae35e10537e6f9e78751,6617adb7e10537e8d6b75fd6,6617ad57e10537e7a67f3f76,37
6617ae35e10537e6f9e78752,6617adb7e10537e75294a09a,6617ad57e10537e7c521047f,98
6617ae35e10537e6f9e78753,6617adb7e10537e6dda6cd08,6617ad57e10537e85f4fe556,1
6617ae35e10537e6f9e78754,6617adb7e10537e7b003c829,6617ad57e10537e6dda6cceb,70
6617ae35e10537e6f9e78755,6617adb7e10537e841ea2eaa,6617ad57e10537e6d7ef12ed,8
6617ae35e10537e6f9e78756,6617adb7e10537e7c521049d,6617ad57e10537e8c57ab498,30
6617ae35e10537e6f9e78757,6617adb7e10537e85f4fe57e,6617ad57e10537e75294a06f,90
6617ae35e10537e6f9e78758,6617adb7e10537e70a816d65,6617ad57e10537e7c5210476,49
6617ae35e10537e6f9e78759,6617adb7e10537e6d7ef1300,6617ad57e10537e7714b2101,69
6617ae35e10537e6f9e7875a,6617adb7e10537e8c57ab4b8,6617ad57e10537e71b41ab2c,24
6617ae35e10537e6f9e7875b,6617adb7e10537e83e6ca5d0,6617ad57e10537e83e6ca5b7,59
6617ae35e10537e6f9e7875c,6617adb7e10537e7c2855c88,6617ad57e10537e7b003c805,75
6617ae35e10537e6f9e7875d,6617adb7e10537e7714b2118,6617ad57e10537e8b1b760be,95
6617ae35e10537e6f9e7875e,6617adb7e10537e7714b212a,6617ad57e10537e7916ba298,18
6617ae35e10537e6f9e7875f,6617adb7e10537e75294a0a6,6617ad57e10537e841ea2e89,18
6617ae35e10537e6f9e78760,6617adb7e10537e82b6ef861,6617ad57e10537e6c405f90d,74
6617ae35e10537e6f9e78761,6617adb7e10537e841ea2e9d,6617ad57e10537e75294a06e,90
6617ae35e10537e6f9e78762,6617adb7e10537e8928bc04c,6617ad57e10537e7a67f3f72,64
6617ae35e10537e6f9e78763,6617adb7e10537e83e6ca5df,6617ad57e10537e8c57ab4a3,57
6617ae35e10537e6f9e78764,6617adb7e10537e80985c4de,6617ad57e10537e85f4fe55f,24
6617ae35e10537e6f9e78765,6617adb7e10537e7c2855c81,6617ad57e10537e841ea2e8a,17
6617ae35e10537e6f9e78766,6617adb7e10537e6d7ef1303,6617ad57e10537e7916ba288,60
6617ae35e10537e6f9e78767,6617adb7e10537e841ea2ea1,6617ad57e10537e7c5210477,95
6617ae35e10537e6f9e78768,6617adb7e10537e740772e29,6617ad57e10537e7a67f3f62,78
6617ae35e10537e6f9e78769,6617adb7e10537e70a816d67,6617ad57e10537e83e6ca5b2,23
6617ae35e10537e6f9e7876a,6617adb7e10537e7916ba2ab,6617ad57e10537e740772dfd,15
6617ae35e10537e6f9e7876b,6617adb7e10537e6d7ef1316,6617ad57e10537e6dda6ccda,21
6617ae34e10537e80985c4ed,6617adb7e10537e875099d07,6617ad57e10537e80c7b8760,37
6617ae35e10537e80985c4ee,6617adb7e10537e6f9e78747,6617ad57e10537e83cb67537,94
6617ae35e10537e80985c4ef,6617adb7e10537e83e6ca5d5,6617ad57e10537e83cb67533,95
6617ae35e10537e80985c4f0,6617adb7e10537e72c31025e,6617ad57e10537e70a816d33,68
6617ae35e10537e80985c4f1,6617adb7e10537e8b1b760e3,6617ad57e10537e8b1b760c2,79
6617ae35e10537e80985c4f2,6617adb7e10537e80985c4da,6617ad57e10537e8c57ab4a9,51
6617ae35e10537e80985c4f3,6617adb7e10537e6d7ef1318,6617ad57e10537e75294a082,76
6617ae35e10537e80985c4f4,6617adb7e10537e841ea2ea3,6617ad57e10537e85f4fe56e,100
6617ae35e10537e80985c4f5,6617adb7e10537e82b6ef861,6617ad57e10537e6d7ef12e1,89
6617ae35e10537e80985c4f6,6617adb7e10537e83e6ca5d4,6617ad57e10537e7a3c973a4,12
6617ae35e10537e80985c4f7,6617adb7e10537e7916ba2c0,6617ad57e10537e83e6ca5cd,79
6617ae35e10537e80985c4f8,6617adb7e10537e7916ba2c2,6617ad57e10537e8b1b760c6,81
6617ae35e10537e80985c4f9,6617adb7e10537e80c7b876e,6617ad57e10537e7e7de07d0,29
6617ae35e10537e80985c4fa,6617adb7e10537e80c7b8776,6617ad57e10537e6d7ef12ee,67
6617ae35e10537e80985c4fb,6617adb7e10537e7e7de07de,6617ad57e10537e8a3bcf232,74
6617ae35e10537e80985c4fc,6617adb7e10537e6dda6cd09,6617ad57e10537e8928bc02d,14
6617ae35e10537e80985c4fd,6617adb7e10537e875099cf4,6617ad57e10537e8d6b75fae,12
6617ae35e10537e80985c4fe,6617adb7e10537e80985c4e2,6617ad57e10537e83cb6752c,22
6617ae35e10537e80985c4ff,6617adb7e10537e740772e1c,6617ad57e10537e740772e0a,37
6617ae35e10537e80985c500,6617adb7e10537e7916ba2b3,6617ad57e10537e8a3bcf243,75
6617ae35e10537e80985c501,6617adb7e10537e841ea2eb0,6617ad57e10537e7916ba292,45
6617ae35e10537e80985c502,6617adb7e10537e6c405f931,6617ad57e10537e841ea2e81,96
6617ae35e10537e80985c503,6617adb8e10537e80c7b8782,6617ad57e10537e8b1b760b4,100
6617ae35e10537e80985c504,6617adb7e10537e83e6ca5e0,6617ad57e10537e7916ba291,27
6617ae35e10537e80985c505,6617adb7e10537e6c405f926,6617ad57e10537e841ea2e86,74
6617ae35e10537e80985c506,6617adb8e10537e8d6b75ff5,6617ad57e10537e7b003c812,12
6617ae35e10537e80985c507,6617adb7e10537e80985c4e1,6617ad57e10537e875099ce0,27
6617ae35e10537e80985c508,6617adb8e10537e8928bc069,6617ad57e10537e75294a076,26
6617ae35e10537e80985c509,6617adb7e10537e72c310257,6617ad57e10537e7a67f3f7f,44
6617ae35e10537e80985c50a,6617adb7e10537e6c405f930,6617ad57e10537e6f9e7870f,21
6617ae35e10537e80985c50b,6617adb7e10537e8a3bcf26b,6617ad57e10537e6f9e7872b,48
6617ae34e10537e73df52204,6617adb7e10537e82b6ef856,6617ad57e10537e6dda6cce7,62
6617ae35e10537e73df52205,6617adb7e10537e740772e1d,6617ad57e10537e6dda6ccf5,21
6617ae35e10537e73df52206,6617adb7e10537e7703662f8,6617ad57e10537e8d6b75fba,73
6617ae35e10537e73df52207,6617adb7e10537e8c57ab4c0,6617ad57e10537e7e7de07cf,71
6617ae35e10537e73df52208,6617adb7e10537e80c7b877b,6617ad57e10537e7c5210484,55
6617ae35e10537e73df52209,6617adb7e10537e80985c4e5,6617ad57e10537e8c57ab4a5,38
6617ae35e10537e73df5220a,6617adb7e10537e7c2855c6f,6617ad57e10537e740772e02,45
6617ae35e10537e73df5220b,6617adb7e10537e83cb67548,6617ad57e10537e7c2855c58,50
6617ae35e10537e73df5220c,6617adb7e10537e740772e22,6617ad57e10537e83e6ca5b2,32
6617ae35e10537e73df5220d,6617adb7e10537e71b41ab56,6617ad57e10537e82b6ef83e,65
6617ae35e10537e73df5220e,6617adb7e10537e7b003c819,6617ad57e10537e8928bc03d,75
6617ae35e10537e73df5220f,6617adb7e10537e875099cf2,6617ad57e10537e8a3bcf230,87
6617ae35e10537e73df52210,6617adb7e10537e83e6ca5dd,6617ad57e10537e70a816d48,85
6617ae35e10537e73df52211,6617adb7e10537e70a816d5e,6617ad57e10537e73df521d2,71
6617ae35e10537e73df52212,6617adb7e10537e8c57ab4b4,6617ad57e10537e7703662c7,45
6617ae35e10537e73df52213,6617adb7e10537e72c310258,6617ad57e10537e6dda6ccef,45
6617ae35e10537e73df52214,6617adb7e10537e6f9e78745,6617ad57e10537e6c405f901,38
6617ae35e10537e73df52215,6617adb7e10537e7c2855c80,6617ad57e10537e740772dfd,49
6617ae35e10537e73df52216,6617adb7e10537e7714b2126,6617ad57e10537e6f9e78714,64
6617ae35e10537e73df52217,6617adb7e10537e7a67f3f99,6617ad57e10537e80985c4af,72
6617ae35e10537e73df52218,6617adb7e10537e75294a099,6617ad57e10537e7a3c973b0,12
6617ae35e10537e73df52219,6617adb7e10537e7b003c82a,6617ad57e10537e6c405f8fa,80
6617ae35e10537e73df5221a,6617adb7e10537e7a67f3f88,6617ad57e10537e6dda6cce1,98
6617ae35e10537e73df5221b,6617adb7e10537e8928bc05b,6617ad57e10537e6f9e78719,91
6617ae35e10537e73df5221c,6617adb7e10537e75294a0a5,6617ad57e10537e7b003c7f8,40
6617ae35e10537e73df5221d,6617adb7e10537e8b1b760d9,6617ad57e10537e80985c4b6,46
6617ae35e10537e73df5221e,6617adb7e10537e73df521f4,6617ad57e10537e6c405f911,75
6617ae35e10537e73df5221f,6617adb7e10537e80c7b8769,6617ad57e10537e841ea2e88,85
6617ae35e10537e73df52220,6617adb7e10537e8b1b760ce,6617ad57e10537e7e7de07c7,63
6617ae35e10537e73df52221,6617adb7e10537e73df521ed,6617ad57e10537e7c2855c68,44
6617ae35e10537e73df52222,6617adb7e10537e8b1b760da,6617ad57e10537e72c310233,58
6617ae34e10537e7a3c973da,6617adb7e10537e6d7ef1307,6617ad57e10537e6f9e7872d,8
6617ae35e10537e7a3c973db,6617adb8e10537e8d6b75ff2,6617ad57e10537e7e7de07bd,15
6617ae35e10537e7a3c973dc,6617adb7e10537e80985c4e8,6617ad57e10537e80985c4c4,63
6617ae35e10537e7a3c973dd,6617adb7e10537e8928bc055,6617ad57e10537e8c57ab4a8,20
6617ae35e10537e7a3c973de,6617adb7e10537e82b6ef855,6617ad57e10537e6c405f8f9,26
6617ae35e10537e7a3c973df,6617adb7e10537e75294a0a6,6617ad57e10537e80985c4bd,22
6617ae35e10537e7a3c973e0,6617adb7e10537e80c7b8773,6617ad57e10537e6c405f8f8,55
6617ae35e10537e7a3c973e1,6617adb7e10537e7c52104a6,6617ad57e10537e7b003c807,79
6617ae35e10537e7a3c973e2,6617adb8e10537e75294a0a8,6617ad57e10537e83cb67525,37
6617ae35e10537e7a3c973e3,6617adb7e10537e7c2855c81,6617ad57e10537e83e6ca5bd,45
6617ae35e10537e7a3c973e4,6617adb7e10537e83e6ca5d1,6617ad57e10537e70a816d3d,76
6617ae35e10537e7a3c973e5,6617adb7e10537e7703662fd,6617ad57e10537e70a816d48,94
6617ae35e10537e7a3c973e6,6617adb7e10537e8928bc051,6617ad57e10537e6c405f8f7,3
6617ae35e10537e7a3c973e7,6617adb7e10537e82b6ef852,6617ad57e10537e85f4fe569,96
6617ae35e10537e7a3c973e8,6617adb7e10537e6c405f933,6617ad57e10537e7b003c7f6,52
6617ae35e10537e7a3c973e9,6617adb7e10537e83e6ca5ea,6617ad57e10537e71b41ab33,7
6617ae35e10537e7a3c973ea,6617adb7e10537e82b6ef86d,6617ad57e10537e83cb67532,71
6617ae35e10537e7a3c973eb,6617adb7e10537e8a3bcf263,6617ad57e10537e7714b2108,37
6617ae35e10537e7a3c973ec,6617adb7e10537e8c57ab4b3,6617ad57e10537e83e6ca5b9,35
6617ae35e10537e7a3c973ed,6617adb7e10537e80985c4de,6617ad57e10537e8b1b760ac,6
6617ae35e10537e7a3c973ee,6617adb7e10537e7b003c82f,6617ad57e10537e7c5210486,91
6617ae35e10537e7a3c973ef,6617adb8e10537e8928bc069,6617ad57e10537e7c2855c69,29
6617ae35e10537e7a3c973f0,6617adb7e10537e7b003c824,6617ad57e10537e7a3c973a1,61
6617ae35e10537e7a3c973f1,6617adb7e10537e8d6b75fd4,6617ad57e10537e85f4fe55c,20
6617ae35e10537e7a3c973f2,6617adb7e10537e8c57ab4c2,6617ad57e10537e8a3bcf231,29
6617ae35e10537e7a3c973f3,6617adb7e10537e82b6ef865,6617ad57e10537e7916ba287,66
6617ae35e10537e7a3c973f4,6617adb7e10537e6d7ef1310,6617ad57e10537e7a3c973ab,12
6617ae35e10537e7a3c973f5,6617adb7e10537e8c57ab4b0,6617ad57e10537e7e7de07c1,68
6617ae35e10537e7a3c973f6,6617adb7e10537e73df521f6,6617ad57e10537e7e7de07cd,51
6617ae35e10537e7a3c973f7,6617adb7e10537e7916ba2a6,6617ad57e10537e6c405f913,95
6617ae35e10537e7a3c973f8,6617adb7e10537e740772e19,6617ad57e10537e740772e06,85
6617ae34e10537e7e7de07f1,6617adb7e10537e85f4fe592,6617ad57e10537e6f9e7872a,51
6617ae35e10537e7e7de07f2,6617adb7e10537e83cb6753f,6617ad57e10537e75294a089,19
6617ae35e10537e7e7de07f3,6617adb7e10537e7714b2121,6617ad57e10537e80985c4c3,0
6617ae35e10537e7e7de07f4,6617adb7e10537e71b41ab60,6617ad57e10537e8d6b75fce,8
6617ae35e10537e7e7de07f5,6617adb7e10537e82b6ef853,6617ad57e10537e70a816d3e,64
6617ae35e10537e7e7de07f6,6617adb7e10537e73df521eb,6617ad57e10537e83cb67520,63
6617ae35e10537e7e7de07f7,6617adb7e10537e841ea2eb3,6617ad57e10537e80c7b875b,9
6617ae35e10537e7e7de07f8,6617adb7e10537e6c405f917,6617ad57e10537e7a3c973b9,90
6617ae35e10537e7e7de07f9,6617adb7e10537e70a816d5d,6617ad57e10537e7c2855c6c,66
6617ae35e10537e7e7de07fa,6617adb7e10537e7c2855c82,6617ad57e10537e80c7b8746,99
6617ae35e10537e7e7de07fb,6617adb7e10537e6dda6ccfa,6617ad57e10537e75294a082,9
6617ae35e10537e7e7de07fc,6617adb7e10537e8928bc060,6617ad57e10537e8928bc043,45
6617ae35e10537e7e7de07fd,6617adb7e10537e70a816d69,6617ad57e10537e7703662e2,79
6617ae35e10537e7e7de07fe,6617adb7e10537e7916ba2ad,6617ad57e10537e85f4fe56f,97
6617ae35e10537e7e7de07ff,6617adb7e10537e71b41ab4d,6617ad57e10537e6c405f915,26
6617ae35e10537e7e7de0800,6617adb7e10537e71b41ab50,6617ad57e10537e7703662cb,72
6617ae35e10537e7e7de0801,6617adb7e10537e7c52104a4,6617ad57e10537e841ea2e82,61
6617ae35e10537e7e7de0802,6617adb7e10537e7c2855c83,6617ad57e10537e75294a088,22
6617ae35e10537e7e7de0803,6617adb7e10537e85f4fe57b,6617ad57e10537e85f4fe55c,51
6617ae35e10537e7e7de0804,6617adb7e10537e6dda6ccf9,6617ad57e10537e80c7b8753,88
6617ae35e10537e7e7de0805,6617adb7e10537e80c7b8770,6617ad57e10537e7e7de07ca,88
6617ae35e10537e7e7de0806,6617adb7e10537e80c7b8781,6617ad57e10537e6f9e78728,10
6617ae35e10537e7e7de0807,6617adb7e10537e7703662fb,6617ad57e10537e82b6ef835,17
6617ae35e10537e7e7de0808,6617adb7e10537e70a816d64,6617ad57e10537e7703662cd,85
6617ae35e10537e7e7de0809,6617adb7e10537e740772e1c,6617ad57e10537e7916ba28a,7
6617ae35e10537e7e7de080a,6617adb7e10537e7a67f3f96,6617ad57e10537e7714b2107,34
6617ae35e10537e7e7de080b,6617adb7e10537e6f9e7874a,6617ad57e10537e80c7b8757,6
6617ae35e10537e7e7de080c,6617adb7e10537e7c2855c7b,6617ad57e10537e7b003c809,17
6617ae35e10537e7e7de080d,6617adb7e10537e72c310252,6617ad57e10537e75294a06f,44
6617ae35e10537e7e7de080e,6617adb7e10537e740772e28,6617ad57e10537e82b6ef84c,67
6617ae35e10537e7e7de080f,6617adb7e10537e6d7ef1316,6617ad57e10537e8a3bcf247,23
6617ae34e10537e740772e32,6617adb7e10537e73df521fe,6617ad57e10537e7a67f3f70,86
6617ae35e10537e740772e33,6617adb7e10537e6d7ef1313,6617ad57e10537e7e7de07c3,16
6617ae35e10537e740772e34,6617adb8e10537e7a67f3f9f,6617ad57e10537e6d7ef12e7,16
6617ae35e10537e740772e35,6617adb8e10537e83cb67559,6617ad57e10537e7b003c80a,3
6617ae35e10537e740772e36,6617adb7e10537e7b003c82f,6617ad57e10537e6d7ef12dc,73
6617ae35e10537e740772e37,6617adb7e10537e80985c4d0,6617ad57e10537e85f4fe56f,53
6617ae35e10537e740772e38,6617adb7e10537e8c57ab4b4,6617ad57e10537e80985c4cc,86
6617ae35e10537e740772e39,6617adb7e10537e71b41ab63,6617ad57e10537e83e6ca5b6,52
6617ae35e10537e740772e3a,6617adb7e10537e8d6b75fe3,6617ad57e10537e70a816d3a,17
6617ae35e10537e740772e3b,6617adb7e10537e7e7de07ef,6617ad57e10537e7916ba2a1,38
6617ae35e10537e740772e3c,6617adb7e10537e85f4fe57b,6617ad57e10537e7e7de07c2,96
6617ae35e10537e740772e3d,6617adb7e10537e6f9e78738,6617ad57e10537e7703662d4,62
6617ae35e10537e740772e3e,6617adb7e10537e7b003c821,6617ad57e10537e7a3c973a7,25
6617ae35e10537e740772e3f,6617adb7e10537e8d6b75fe9,6617ad57e10537e841ea2e85,80
6617ae35e10537e740772e40,6617adb7e10537e6c405f932,6617ad57e10537e8c57ab4a9,95
6617ae35e10537e740772e41,6617adb7e10537e740772e2e,6617ad57e10537e85f4fe55b,21
6617ae35e10537e740772e42,6617adb7e10537e7c52104a4,6617ad57e10537e7c5210482,91
6617ae35e10537e740772e43,6617adb7e10537e6f9e78732,6617ad57e10537e7a3c973b8,24
6617ae35e10537e740772e44,6617adb7e10537e72c31025f,6617ad57e10537e841ea2e8a,27
6617ae35e10537e740772e45,6617adb7e10537e71b41ab54,6617ad57e10537e85f4fe55e,59
6617ae35e10537e740772e46,6617adb7e10537e83cb67545,6617ad57e10537e70a816d39,32
6617ae35e10537e740772e47,6617adb7e10537e875099cf5,6617ad57e10537e841ea2e88,86
6617ae35e10537e740772e48,6617adb7e10537e7a67f3f89,6617ad57e10537e6dda6ccf4,61
6617ae35e10537e740772e49,6617adb7e10537e875099d08,6617ad57e10537e8928bc049,33
6617ae35e10537e740772e4a,6617adb7e10537e8928bc068,6617ad57e10537e740772dff,67
6617ae35e10537e740772e4b,6617adb7e10537e8928bc054,6617ad57e10537e7e7de07bc,48
6617ae35e10537e740772e4c,6617adb7e10537e7703662f6,6617ad57e10537e8b1b760c1,96
6617ae35e10537e740772e4d,6617adb7e10537e75294a098,6617ad57e10537e7b003c804,24
6617ae35e10537e740772e4e,6617adb7e10537e8928bc067,6617ad57e10537e841ea2e96,83
6617ae35e10537e740772e4f,6617adb7e10537e8928bc059,6617ad57e10537e7c5210473,61
6617ae35e10537e740772e50,6617adb7e10537e83e6ca5e3,6617ad57e10537e8928bc030,77
6617ae34e10537e8d6b75ff9,6617adb7e10537e7916ba2a5,6617ad57e10537e7a3c973ad,58
6617ae35e10537e8d6b75ffa,6617adb7e10537e6f9e7873c,6617ad57e10537e72c310238,25
6617ae35e10537e8d6b75ffb,6617adb7e10537e7703662e7,6617ad57e10537e72c31023f,62
6617ae35e10537e8d6b75ffc,6617adb7e10537e8b1b760e2,6617ad57e10537e7703662da,89
6617ae35e10537e8d6b75ffd,6617adb7e10537e7c2855c80,6617ad57e10537e72c310233,25
6617ae35e10537e8d6b75ffe,6617adb7e10537e8a3bcf267,6617ad57e10537e7c2855c59,47
6617ae35e10537e8d6b75fff,6617adb7e10537e83cb67542,6617ad57e10537e875099ce3,76
6617ae35e10537e8d6b76000,6617adb7e10537e72c310268,6617ad57e10537e70a816d42,76
6617ae35e10537e8d6b76001,6617adb7e10537e7b003c818,6617ad57e10537e8c57ab490,46
6617ae35e10537e8d6b76002,6617adb7e10537e7714b2134,6617ad57e10537e7c2855c51,43
6617ae35e10537e8d6b76003,6617adb7e10537e6dda6cd11,6617ad57e10537e7a67f3f7d,63
6617ae35e10537e8d6b76004,6617adb7e10537e7c521048e,6617ad57e10537e70a816d3a,58
6617ae35e10537e8d6b76005,6617adb7e10537e7a67f3f87,6617ad57e10537e7916ba294,43
6617ae35e10537e8d6b76006,6617adb7e10537e7714b2125,6617ad57e10537e7c5210485,14
6617ae35e10537e8d6b76007,6617adb7e10537e7b003c820,6617ad57e10537e70a816d41,54
6617ae35e10537e8d6b76008,6617adb7e10537e6c405f924,6617ad57e10537e85f4fe55f,15
6617ae35e10537e8d6b76009,6617adb7e10537e7714b212d,6617ad57e10537e82b6ef83c,84
6617ae35e10537e8d6b7600a,6617adb7e10537e73df521f1,6617ad57e10537e85f4fe56b,14
6617ae35e10537e8d6b7600b,6617adb7e10537e875099cfd,6617ad57e10537e73df521c9,21
6617ae35e10537e8d6b7600c,6617adb7e10537e7e7de07ef,6617ad57e10537e6c405f8ff,2
6617ae35e10537e8d6b7600d,6617adb7e10537e80c7b876a,6617ad57e10537e83e6ca5b4,30
6617ae35e10537e8d6b7600e,6617adb7e10537e770366302,6617ad57e10537e80985c4c5,35
6617ae35e10537e8d6b7600f,6617adb7e10537e83cb67553,6617ad57e10537e71b41ab3f,86
6617ae35e10537e8d6b76010,6617adb7e10537e72c31025e,6617ad57e10537e7714b2104,2
6617ae35e10537e8d6b76011,6617adb7e10537e80c7b877e,6617ad57e10537e8c57ab491,31
6617ae35e10537e8d6b76012,6617adb7e10537e71b41ab56,6617ad57e10537e6dda6ccda,37
6617ae35e10537e8d6b76013,6617adb7e10537e83e6ca5d4,6617ad57e10537e72c31023a,6
6617ae35e10537e8d6b76014,6617adb7e10537e8a3bcf25a,6617ad57e10537e8d6b75fc5,49
6617ae35e10537e8d6b76015,6617adb7e10537e6d7ef12fe,6617ad57e10537e841ea2e84,16
6617ae35e10537e8d6b76016,6617adb8e10537e7a67f3f9f,6617ad57e10537e6dda6cce2,2
6617ae35e10537e8d6b76017,6617adb7e10537e8928bc057,6617ad57e10537e8b1b760c6,90
6617ae35e10537e8d6b76018,6617adb7e10537e8a3bcf25f,6617ad57e10537e8d6b75fd1,27
6617ae35e10537e8d6b76019,6617adb7e10537e6dda6ccf9,6617ad57e10537e85f4fe561,82
6617ae35e10537e8d6b7601a,6617adb7e10537e770366300,6617ad57e10537e8d6b75fc0,20
6617ae35e10537e8d6b7601b,6617adb7e10537e8c57ab4c7,6617ad57e10537e83cb67538,79
6617ae35e10537e8d6b7601c,6617adb7e10537e75294a08a,6617ad57e10537e7e7de07b7,23
6617ae35e10537e8d6b7601d,6617adb7e10537e73df521f9,6617ad57e10537e7a67f3f6a,3
6617ae35e10537e8d6b7601e,6617adb7e10537e82b6ef860,6617ad57e10537e70a816d46,60
6617ae35e10537e8d6b7601f,6617adb7e10537e85f4fe583,6617ad57e10537e8d6b75fb5,14
