_id,module_name,Trainee_Count,Level,start_date,end_date,quiz_id,trainer_id
6617adb7e10537e70a816d52,ML Basics,65,Intermidiate,2022-07-22,2022-07-27,6610e2f9e10537e6f9e783b7,6617ad57e10537e7b003c811
6617adb7e10537e70a816d54,Data Engineering,38,Basic,2024-02-26,2024-03-01,6610e2f9e10537e71b41a7c8,6617ad57e10537e6c405f8fa
6617adb7e10537e70a816d56,ML Basics,23,Advance,2023-01-27,2023-02-05,6610e2f9e10537e841ea2b20,6617ad57e10537e8928bc049
6617adb7e10537e70a816d59,ML Basics,90,Intermidiate,2021-08-13,2021-08-19,6610e2f9e10537e8a3bceecb,6617ad57e10537e7b003c7fd
6617adb7e10537e70a816d5b,DevOps Operations,85,Intermidiate,2021-05-25,2021-06-01,6610e2f9e10537e7c28558f5,6617ad57e10537e6c405f90d
6617adb7e10537e70a816d5c,DBT,90,Intermidiate,2020-11-26,2020-12-03,6610e2f9e10537e752949d13,6617ad57e10537e6f9e7871e
6617adb7e10537e70a816d5d,Python & Web Scraping,19,Advance,2020-07-19,2020-07-29,6610e2f9e10537e7c521010f,6617ad57e10537e7a3c973a3
6617adb7e10537e70a816d5f,Data Engineering,62,Intermidiate,2022-06-19,2022-06-26,6610e2f9e10537e72c30fed4,6617ad57e10537e7703662cb
6617adb7e10537e70a816d60,Cloud Platforms,28,Basic,2021-12-23,2021-12-27,6610e2f9e10537e70a8169c7,6617ad57e10537e70a816d4e
6617adb7e10537e70a816d61,DevOps Operations,23,Basic,2021-11-18,2021-11-21,6610e2f9e10537e7a67f3c07,6617ad57e10537e740772df7
6617adb7e10537e70a816d62,Python for DS,92,Advance,2021-02-16,2021-02-25,6610e2f9e10537e875099976,6617ad57e10537e7b003c7f4
6617adb7e10537e70a816d63,Full Stack,40,Basic,2024-01-26,2024-01-28,6610e2f9e10537e83e6ca249,6617ad57e10537e6d7ef12f9
6617adb7e10537e70a816d64,ADF,89,Intermidiate,2020-10-16,2020-10-21,6610e2f9e10537e6c405f59c,6617ad57e10537e6d7ef12ea
6617adb7e10537e70a816d65,Data Engineering,36,Basic,2022-04-17,2022-04-18,6610e2f9e10537e73df51e6e,6617ad57e10537e73df521d6
6617adb7e10537e70a816d67,DevOps Operations,93,Intermidiate,2022-02-22,2022-02-28,6610e2f9e10537e8b1b75d4e,6617ad57e10537e875099ced
6617adb7e10537e70a816d68,Cloud Platforms,25,Advance,2023-07-26,2023-08-03,6610e2f9e10537e770365f6c,6617ad57e10537e8a3bcf238
6617adb7e10537e70a816d69,DBT,93,Intermidiate,2024-03-20,2024-03-26,6610e2f9e10537e7714b1da1,6617ad57e10537e71b41ab37
6617adb7e10537e70a816d6a,ADF,51,Intermidiate,2022-04-13,2022-04-18,6610e2f9e10537e7916b9f18,6617ad57e10537e72c31023b
6617adb7e10537e70a816d6b,Full Stack,83,Basic,2023-08-15,2023-08-18,6610e2f9e10537e6dda6c982,6617ad57e10537e75294a074
6617adb7e10537e70a816d6d,Python & Web Scraping,10,Basic,2022-03-20,2022-03-22,6610e2f9e10537e7e7de045e,6617ad57e10537e85f4fe564
6617adb7e10537e70a816d6e,Python & Web Scraping,70,Intermidiate,2023-06-15,2023-06-22,6610e2f9e10537e85f4fe1f2,6617ad57e10537e72c310245
6617adb7e10537e85f4fe576,Git & Version Control,70,Intermidiate,2022-11-16,2022-11-23,6610e2f9e10537e73df51e6e,6617ad57e10537e6dda6ccf0
6617adb7e10537e85f4fe577,Full Stack,78,Advance,2022-02-24,2022-03-04,6610e2f9e10537e752949d13,6617ad57e10537e8d6b75fc3
6617adb7e10537e85f4fe579,Cloud Platforms,78,Basic,2021-04-24,2021-04-27,6610e2f9e10537e8b1b75d4e,6617ad57e10537e80985c4be
6617adb7e10537e85f4fe57b,Python for DS,36,Advance,2020-11-26,2020-12-04,6610e2f9e10537e7714b1da1,6617ad57e10537e80985c4b4
6617adb7e10537e85f4fe57c,Cloud Platforms,77,Advance,2020-09-26,2020-10-06,6610e2f9e10537e72c30fed4,6617ad57e10537e7c2855c65
6617adb7e10537e85f4fe57d,DevOps Operations,52,Basic,2021-02-28,2021-03-01,6610e2f9e10537e70a8169c7,6617ad57e10537e7c521046f
6617adb7e10537e85f4fe57e,ML Basics,67,Basic,2022-03-24,2022-03-27,6610e2f9e10537e841ea2b20,6617ad57e10537e83e6ca5b3
6617adb7e10537e85f4fe583,Python for DS,56,Basic,2020-09-20,2020-09-21,6610e2f9e10537e6d7ef0f84,6617ad57e10537e7c2855c69
6617adb7e10537e85f4fe585,DevOps Operations,30,Basic,2021-03-29,2021-03-31,6610e2f9e10537e80985c157,6617ad57e10537e75294a072
6617adb7e10537e85f4fe586,ML Basics,17,Advance,2021-09-21,2021-09-30,6610e2f9e10537e8c57ab126,6617ad57e10537e83e6ca5c3
6617adb7e10537e85f4fe589,Data Engineering,91,Intermidiate,2021-04-22,2021-04-27,6610e2f9e10537e7916b9f18,6617ad57e10537e85f4fe55c
6617adb7e10537e85f4fe58b,DBT,97,Advance,2023-07-19,2023-07-28,6610e2f9e10537e7a3c97044,6617ad57e10537e8c57ab4aa
6617adb7e10537e85f4fe58f,Python for DS,82,Advance,2022-08-29,2022-09-06,6610e2f9e10537e85f4fe1f2,6617ad57e10537e83cb6752a
6617adb7e10537e85f4fe590,Cloud Platforms,26,Advance,2022-10-30,2022-11-07,6610e2f9e10537e6f9e783b7,6617ad57e10537e6f9e7871c
6617adb7e10537e85f4fe592,ADF,40,Basic,2022-04-29,2022-05-02,6610e2f9e10537e80c7b83eb,6617ad57e10537e8a3bcf243
6617adb8e10537e85f4fe593,Git & Version Control,28,Basic,2022-03-30,2022-03-31,6610e2f9e10537e80c7b83eb,6617ad57e10537e7a67f3f70
6617adb7e10537e7916ba2a5,ML Basics,46,Intermidiate,2021-05-24,2021-05-30,6610e2f9e10537e83cb671b5,6617ad57e10537e7c5210476
6617adb7e10537e7916ba2a7,Data Engineering,80,Advance,2021-11-19,2021-11-27,6610e2f9e10537e7714b1da1,6617ad57e10537e85f4fe564
6617adb7e10537e7916ba2a8,Python for DS,64,Intermidiate,2021-06-28,2021-07-03,6610e2f9e10537e80c7b83eb,6617ad57e10537e8928bc038
6617adb7e10537e7916ba2aa,DBT,66,Basic,2022-10-16,2022-10-17,6610e2f9e10537e83e6ca249,6617ad57e10537e7a67f3f64
6617adb7e10537e7916ba2ae,Data Engineering,80,Advance,2023-06-19,2023-06-28,6610e2f9e10537e73df51e6e,6617ad57e10537e75294a077
6617adb7e10537e7916ba2b2,Cloud Platforms,61,Basic,2021-04-20,2021-04-22,6610e2f9e10537e7a67f3c07,6617ad57e10537e83e6ca5c5
6617adb7e10537e7916ba2b4,DBT,76,Intermidiate,2022-01-29,2022-02-05,6610e2f9e10537e841ea2b20,6617ad57e10537e7a67f3f66
6617adb7e10537e7916ba2b5,DevOps Operations,30,Advance,2021-02-16,2021-02-24,6610e2f9e10537e82b6ef4d9,6617ad57e10537e7916ba294
6617adb7e10537e7916ba2b7,DBT,90,Advance,2020-07-27,2020-08-06,6610e2f9e10537e6dda6c982,6617ad57e10537e7e7de07c9
6617adb7e10537e7916ba2b8,Cloud Platforms,33,Intermidiate,2021-01-18,2021-01-24,6610e2f9e10537e70a8169c7,6617ad57e10537e7c2855c50
6617adb7e10537e7916ba2b9,Python for DS,13,Basic,2023-11-30,2023-12-04,6610e2f9e10537e72c30fed4,6617ad57e10537e8b1b760aa
6617adb7e10537e7916ba2ba,Python for DS,11,Basic,2021-06-16,2021-06-17,6610e2f9e10537e8a3bceecb,6617ad57e10537e7b003c7ff
6617adb7e10537e7916ba2bd,Python for DS,39,Intermidiate,2020-07-16,2020-07-21,6610e2f9e10537e8928bbcc8,6617ad57e10537e7a3c973b8
6617adb7e10537e7916ba2be,Python & Web Scraping,65,Basic,2022-03-31,2022-04-03,6610e2f9e10537e85f4fe1f2,6617ad57e10537e6f9e7872c
6617adb7e10537e7916ba2bf,Cloud Platforms,40,Intermidiate,2021-05-14,2021-05-20,6610e2f9e10537e7c28558f5,6617ad57e10537e85f4fe557
6617adb7e10537e7916ba2c1,Python for DS,99,Basic,2021-11-16,2021-11-18,6610e2f9e10537e7b003c499,6617ad57e10537e80985c4b3
6617adb7e10537e7916ba2c2,Git & Version Control,40,Advance,2022-10-21,2022-10-30,6610e2f9e10537e6f9e783b7,6617ad57e10537e841ea2e81
6617adb8e10537e7916ba2c3,DBT,58,Basic,2023-09-17,2023-09-19,6610e2f9e10537e7b003c499,6617ad57e10537e7e7de07ba
6617adb7e10537e8c57ab4ad,Full Stack,68,Basic,2022-08-18,2022-08-20,6610e2f9e10537e841ea2b20,6617ad57e10537e8a3bcf249
6617adb7e10537e8c57ab4af,Python & Web Scraping,44,Advance,2024-01-31,2024-02-10,6610e2f9e10537e875099976,6617ad57e10537e72c310249
6617adb7e10537e8c57ab4b0,Python & Web Scraping,13,Advance,2023-05-18,2023-05-28,6610e2f9e10537e82b6ef4d9,6617ad57e10537e83cb67538
6617adb7e10537e8c57ab4b3,DBT,64,Advance,2020-09-14,2020-09-23,6610e2f9e10537e80c7b83eb,6617ad57e10537e7703662e3
6617adb7e10537e8c57ab4b4,DevOps Operations,96,Intermidiate,2024-01-26,2024-02-01,6610e2f9e10537e7e7de045e,6617ad57e10537e80985c4c3
6617adb7e10537e8c57ab4b6,Cloud Platforms,53,Intermidiate,2021-08-18,2021-08-24,6610e2f9e10537e8c57ab126,6617ad57e10537e8a3bcf232
6617adb7e10537e8c57ab4b7,Python for DS,36,Intermidiate,2020-05-17,2020-05-22,6610e2f9e10537e752949d13,6617ad57e10537e8a3bcf242
6617adb7e10537e8c57ab4b9,DevOps Operations,33,Advance,2022-08-13,2022-08-23,6610e2f9e10537e6c405f59c,6617ad57e10537e875099ce3
6617adb7e10537e8c57ab4ba,Cloud Platforms,46,Basic,2023-10-18,2023-10-21,6610e2f9e10537e70a8169c7,6617ad57e10537e75294a087
6617adb7e10537e8c57ab4bb,ADF,34,Intermidiate,2023-07-19,2023-07-24,6610e2f9e10537e72c30fed4,6617ad57e10537e6c405f900
6617adb7e10537e8c57ab4bd,ML Basics,40,Advance,2023-01-22,2023-01-31,6610e2f9e10537e7714b1da1,6617ad57e10537e7703662e2
6617adb7e10537e8c57ab4bf,ML Basics,53,Intermidiate,2022-12-17,2022-12-23,6610e2f9e10537e6dda6c982,6617ad57e10537e7e7de07be
6617adb7e10537e8c57ab4c3,Git & Version Control,32,Advance,2021-08-26,2021-09-05,6610e2f9e10537e7a3c97044,6617ad57e10537e7c2855c5b
6617adb7e10537e8c57ab4c7,Python for DS,62,Intermidiate,2021-05-20,2021-05-25,6610e2f9e10537e85f4fe1f2,6617ad57e10537e6f9e78716
6617adb8e10537e8c57ab4cb,ML Basics,33,Intermidiate,2021-05-22,2021-05-27,6610e2f9e10537e8928bbcc8,6617ad57e10537e71b41ab2e
6617adb7e10537e83cb6753d,ADF,77,Basic,2023-08-18,2023-08-19,6610e2f9e10537e71b41a7c8,6617ad57e10537e841ea2e7b
6617adb7e10537e83cb6753e,Data Engineering,20,Basic,2020-10-21,2020-10-25,6610e2f9e10537e80c7b83eb,6617ad57e10537e6dda6cce0
6617adb7e10537e83cb67541,DBT,87,Advance,2023-06-24,2023-07-03,6610e2f9e10537e7c28558f5,6617ad57e10537e72c31024a
6617adb7e10537e83cb67544,Python & Web Scraping,46,Advance,2023-07-21,2023-07-29,6610e2f9e10537e7e7de045e,6617ad57e10537e8b1b760be
6617adb7e10537e83cb67545,ML Basics,68,Basic,2022-03-31,2022-04-03,6610e2f9e10537e80985c157,6617ad57e10537e83e6ca5b9
6617adb7e10537e83cb67547,Data Engineering,62,Basic,2020-12-30,2020-12-31,6610e2f9e10537e875099976,6617ad57e10537e83cb6751f
6617adb7e10537e83cb67548,ML Basics,23,Basic,2023-05-17,2023-05-21,6610e2f9e10537e752949d13,6617ad57e10537e8928bc031
6617adb7e10537e83cb67549,Cloud Platforms,30,Intermidiate,2022-07-24,2022-07-31,6610e2f9e10537e6dda6c982,6617ad57e10537e83cb67534
6617adb7e10537e83cb6754a,Cloud Platforms,61,Intermidiate,2022-03-29,2022-04-03,6610e2f9e10537e7916b9f18,6617ad57e10537e8b1b760c3
6617adb7e10537e83cb6754b,Full Stack,96,Advance,2023-06-19,2023-06-29,6610e2f9e10537e73df51e6e,6617ad57e10537e80985c4b3
6617adb7e10537e83cb6754e,Python & Web Scraping,36,Advance,2021-11-14,2021-11-23,6610e2f9e10537e83e6ca249,6617ad57e10537e70a816d51
6617adb7e10537e83cb67550,DBT,37,Intermidiate,2021-11-24,2021-11-30,6610e2f9e10537e8a3bceecb,6617ad57e10537e841ea2e8f
6617adb7e10537e83cb67551,Full Stack,89,Basic,2023-10-31,2023-11-03,6610e2f9e10537e70a8169c7,6617ad57e10537e6d7ef12f4
6617adb7e10537e83cb67552,DevOps Operations,23,Advance,2021-05-14,2021-05-24,6610e2f9e10537e7b003c499,6617ad57e10537e875099cea
6617adb7e10537e83cb67554,DBT,40,Intermidiate,2020-05-18,2020-05-24,6610e2f9e10537e6c405f59c,6617ad57e10537e8a3bcf23e
6617adb7e10537e83cb67555,ADF,32,Advance,2022-09-26,2022-10-05,6610e2f9e10537e7a3c97044,6617ad57e10537e82b6ef84f
6617adb7e10537e83cb67557,ML Basics,59,Intermidiate,2022-10-20,2022-10-27,6610e2f9e10537e6f9e783b7,6617ad57e10537e740772e12
6617adb7e10537e83cb67558,Cloud Platforms,73,Advance,2021-03-26,2021-04-05,6610e2f9e10537e8b1b75d4e,6617ad57e10537e7c5210489
6617adb7e10537e83e6ca5cf,Data Engineering,38,Intermidiate,2022-05-25,2022-05-30,6610e2f9e10537e7c521010f,6617ad57e10537e7a3c9739d
6617adb7e10537e83e6ca5d0,Python for DS,28,Advance,2021-02-20,2021-03-01,6610e2f9e10537e7916b9f18,6617ad57e10537e72c31023a
6617adb7e10537e83e6ca5d1,Data Engineering,99,Intermidiate,2023-07-15,2023-07-21,6610e2f9e10537e8a3bceecb,6617ad57e10537e73df521cc
6617adb7e10537e83e6ca5d4,Data Engineering,55,Advance,2023-12-22,2023-12-30,6610e2f9e10537e7e7de045e,6617ad57e10537e7a67f3f6e
6617adb7e10537e83e6ca5d5,Python & Web Scraping,67,Intermidiate,2021-07-29,2021-08-05,6610e2f9e10537e70a8169c7,6617ad57e10537e75294a085
6617adb7e10537e83e6ca5d6,DBT,38,Advance,2023-12-30,2024-01-07,6610e2f9e10537e6dda6c982,6617ad57e10537e71b41ab45
6617adb7e10537e83e6ca5d8,Python for DS,27,Basic,2020-05-28,2020-05-31,6610e2f9e10537e83e6ca249,6617ad57e10537e8b1b760b5
6617adb7e10537e83e6ca5d9,DevOps Operations,57,Basic,2021-02-16,2021-02-17,6610e2f9e10537e83cb671b5,6617ad57e10537e8928bc04a
6617adb7e10537e83e6ca5dc,Cloud Platforms,81,Intermidiate,2020-05-17,2020-05-24,6610e2f9e10537e7a3c97044,6617ad57e10537e82b6ef84b
6617adb7e10537e83e6ca5dd,ML Basics,90,Intermidiate,2020-10-24,2020-10-30,6610e2f9e10537e8928bbcc8,6617ad57e10537e8d6b75fb4
6617adb7e10537e83e6ca5de,Full Stack,97,Advance,2022-12-22,2022-12-30,6610e2f9e10537e841ea2b20,6617ad57e10537e7703662c7
6617adb7e10537e83e6ca5e0,DBT,72,Basic,2024-03-20,2024-03-24,6610e2f9e10537e7714b1da1,6617ad57e10537e8a3bcf23a
6617adb7e10537e83e6ca5e1,ADF,77,Advance,2024-02-15,2024-02-23,6610e2f9e10537e7a67f3c07,6617ad57e10537e875099ceb
6617adb7e10537e83e6ca5e2,Cloud Platforms,67,Advance,2020-10-16,2020-10-24,6610e2f9e10537e82b6ef4d9,6617ad57e10537e72c31024b
6617adb7e10537e83e6ca5e4,Python for DS,19,Basic,2022-10-19,2022-10-21,6610e2f9e10537e6f9e783b7,6617ad57e10537e6d7ef12f9
6617adb7e10537e83e6ca5e6,Python & Web Scraping,11,Intermidiate,2024-03-20,2024-03-25,6610e2f9e10537e875099976,6617ad57e10537e8928bc02c
6617adb7e10537e83e6ca5e7,ML Basics,82,Intermidiate,2021-12-25,2021-12-31,6610e2f9e10537e80c7b83eb,6617ad57e10537e8d6b75fcf
6617adb7e10537e83e6ca5e8,Git & Version Control,90,Advance,2021-07-25,2021-08-02,6610e2f9e10537e71b41a7c8,6617ad57e10537e7b003c80b
6617adb7e10537e83e6ca5e9,Git & Version Control,12,Intermidiate,2023-04-21,2023-04-26,6610e2f9e10537e770365f6c,6617ad57e10537e841ea2e7d
6617adb7e10537e83e6ca5ea,Full Stack,17,Basic,2022-03-27,2022-03-31,6610e2f9e10537e85f4fe1f2,6617ad57e10537e83cb67533
6617adb7e10537e83e6ca5eb,Data Engineering,62,Basic,2022-04-18,2022-04-20,6610e2f9e10537e6d7ef0f84,6617ad57e10537e72c310247
6617adb7e10537e8928bc04c,Python & Web Scraping,30,Basic,2021-09-30,2021-10-01,6610e2f9e10537e72c30fed4,6617ad57e10537e7703662da
6617adb7e10537e8928bc04d,Data Engineering,11,Basic,2021-09-21,2021-09-24,6610e2f9e10537e6dda6c982,6617ad57e10537e7714b2113
6617adb7e10537e8928bc051,DevOps Operations,33,Intermidiate,2021-04-30,2021-05-05,6610e2f9e10537e875099976,6617ad57e10537e7c2855c58
6617adb7e10537e8928bc054,ML Basics,23,Advance,2023-03-19,2023-03-29,6610e2f9e10537e7b003c499,6617ad57e10537e83cb6751d
6617adb7e10537e8928bc055,Cloud Platforms,90,Basic,2020-04-27,2020-04-30,6610e2f9e10537e8928bbcc8,6617ad57e10537e6c405f900
6617adb7e10537e8928bc056,DBT,42,Advance,2023-01-27,2023-02-05,6610e2f9e10537e6d7ef0f84,6617ad57e10537e75294a088
6617adb7e10537e8928bc057,Full Stack,18,Advance,2021-03-15,2021-03-24,6610e2f9e10537e83cb671b5,6617ad57e10537e7c5210477
6617adb7e10537e8928bc058,ADF,18,Basic,2022-03-30,2022-04-02,6610e2f9e10537e841ea2b20,6617ad57e10537e80c7b875e
6617adb7e10537e8928bc05a,Python & Web Scraping,84,Basic,2023-03-17,2023-03-21,6610e2f9e10537e7a67f3c07,6617ad57e10537e80985c4c5
6617adb7e10537e8928bc05b,Data Engineering,40,Advance,2023-06-13,2023-06-23,6610e2f9e10537e8c57ab126,6617ad57e10537e8c57ab49c
6617adb7e10537e8928bc05c,Python for DS,70,Intermidiate,2024-02-22,2024-02-29,6610e2f9e10537e6f9e783b7,6617ad57e10537e83cb6753a
6617adb7e10537e8928bc05d,DBT,64,Advance,2022-07-13,2022-07-22,6610e2f9e10537e82b6ef4d9,6617ad57e10537e7b003c7fc
6617adb7e10537e8928bc05e,Cloud Platforms,99,Basic,2022-09-21,2022-09-25,6610e2f9e10537e8a3bceecb,6617ad57e10537e8d6b75fae
6617adb7e10537e8928bc060,Python & Web Scraping,89,Basic,2020-12-20,2020-12-21,6610e2f9e10537e770365f6c,6617ad57e10537e8928bc02f
6617adb7e10537e8928bc062,Cloud Platforms,78,Advance,2022-02-15,2022-02-24,6610e2f9e10537e85f4fe1f2,6617ad57e10537e7714b2100
6617adb7e10537e8928bc063,DBT,44,Intermidiate,2020-07-24,2020-07-29,6610e2f9e10537e8b1b75d4e,6617ad57e10537e7916ba2a1
6617adb7e10537e8928bc065,Data Engineering,45,Intermidiate,2023-01-16,2023-01-23,6610e2f9e10537e7c28558f5,6617ad57e10537e841ea2e82
6617adb7e10537e8928bc066,Data Engineering,68,Intermidiate,2021-09-16,2021-09-21,6610e2f9e10537e73df51e6e,6617ad57e10537e875099cd2
6617adb7e10537e8928bc067,Data Engineering,22,Advance,2023-02-18,2023-02-27,6610e2f9e10537e7e7de045e,6617ad57e10537e7e7de07cd
6617adb7e10537e8928bc068,Python & Web Scraping,66,Intermidiate,2023-12-14,2023-12-21,6610e2f9e10537e83e6ca249,6617ad57e10537e8d6b75fb4
6617adb7e10537e7c521048e,Python & Web Scraping,16,Intermidiate,2020-08-29,2020-09-04,6610e2f9e10537e6d7ef0f84,6617ad57e10537e7c5210485
6617adb7e10537e7c521048f,Python & Web Scraping,78,Basic,2021-09-26,2021-09-29,6610e2f9e10537e6f9e783b7,6617ad57e10537e7916ba290
6617adb7e10537e7c5210491,Data Engineering,39,Advance,2020-11-19,2020-11-29,6610e2f9e10537e8928bbcc8,6617ad57e10537e75294a078
6617adb7e10537e7c5210494,Data Engineering,28,Intermidiate,2023-06-21,2023-06-27,6610e2f9e10537e8b1b75d4e,6617ad57e10537e8a3bcf24b
6617adb7e10537e7c5210495,ADF,22,Advance,2022-07-20,2022-07-30,6610e2f9e10537e7e7de045e,6617ad57e10537e70a816d4d
6617adb7e10537e7c5210497,ADF,30,Intermidiate,2020-11-26,2020-12-01,6610e2f9e10537e7714b1da1,6617ad57e10537e7703662dc
6617adb7e10537e7c5210498,ADF,73,Advance,2023-06-29,2023-07-08,6610e2f9e10537e83cb671b5,6617ad57e10537e6f9e7872b
6617adb7e10537e7c5210499,Cloud Platforms,97,Basic,2022-06-17,2022-06-20,6610e2f9e10537e7c521010f,6617ad57e10537e6c405f8ff
6617adb7e10537e7c521049a,DevOps Operations,76,Advance,2021-07-30,2021-08-08,6610e2f9e10537e72c30fed4,6617ad57e10537e7c5210475
6617adb7e10537e7c521049c,Cloud Platforms,26,Advance,2020-10-24,2020-11-02,6610e2f9e10537e71b41a7c8,6617ad57e10537e8d6b75fca
6617adb7e10537e7c521049e,Python & Web Scraping,37,Basic,2023-08-19,2023-08-21,6610e2f9e10537e7a3c97044,6617ad57e10537e7b003c80b
6617adb7e10537e7c521049f,DBT,78,Advance,2024-02-21,2024-02-29,6610e2f9e10537e82b6ef4d9,6617ad57e10537e8b1b760b6
6617adb7e10537e7c52104a0,DBT,30,Advance,2022-12-18,2022-12-27,6610e2f9e10537e80c7b83eb,6617ad57e10537e80985c4bc
6617adb7e10537e7c52104a1,DevOps Operations,73,Intermidiate,2023-09-14,2023-09-20,6610e2f9e10537e7916b9f18,6617ad57e10537e80c7b8750
6617adb7e10537e7c52104a2,ML Basics,62,Advance,2023-09-19,2023-09-29,6610e2f9e10537e875099976,6617ad57e10537e70a816d3f
6617adb7e10537e7c52104a3,Python for DS,72,Basic,2021-08-28,2021-08-30,6610e2f9e10537e770365f6c,6617ad57e10537e841ea2e7e
6617adb7e10537e7c52104a4,DBT,10,Intermidiate,2023-08-28,2023-09-02,6610e2f9e10537e7b003c499,6617ad57e10537e6d7ef12ee
6617adb7e10537e7c52104a9,Cloud Platforms,62,Intermidiate,2021-09-16,2021-09-22,6610e2f9e10537e6c405f59c,6617ad57e10537e7a67f3f77
6617adb7e10537e7c52104ab,ML Basics,90,Intermidiate,2023-04-25,2023-04-30,6610e2f9e10537e83e6ca249,6617ad57e10537e7e7de07bb
6617adb7e10537e71b41ab4a,DevOps Operations,20,Advance,2022-03-22,2022-03-31,6610e2f9e10537e8b1b75d4e,6617ad57e10537e6d7ef12e7
6617adb7e10537e71b41ab4b,ADF,30,Advance,2020-09-25,2020-10-05,6610e2f9e10537e83e6ca249,6617ad57e10537e7a3c973b6
6617adb7e10537e71b41ab4c,ADF,57,Advance,2023-09-23,2023-10-02,6610e2f9e10537e6f9e783b7,6617ad57e10537e6d7ef12e5
6617adb7e10537e71b41ab4d,DevOps Operations,18,Basic,2022-02-27,2022-03-02,6610e2f9e10537e82b6ef4d9,6617ad57e10537e875099cdb
6617adb7e10537e71b41ab4e,DevOps Operations,94,Advance,2020-11-15,2020-11-25,6610e2f9e10537e85f4fe1f2,6617ad57e10537e83e6ca5c3
6617adb7e10537e71b41ab4f,DBT,96,Advance,2022-10-29,2022-11-06,6610e2f9e10537e83cb671b5,6617ad57e10537e841ea2e7f
6617adb7e10537e71b41ab52,DevOps Operations,90,Intermidiate,2021-07-30,2021-08-06,6610e2f9e10537e841ea2b20,6617ad57e10537e71b41ab41
6617adb7e10537e71b41ab53,DBT,44,Advance,2022-10-15,2022-10-25,6610e2f9e10537e875099976,6617ad57e10537e73df521d4
6617adb7e10537e71b41ab55,Python for DS,38,Intermidiate,2023-12-22,2023-12-27,6610e2f9e10537e73df51e6e,6617ad57e10537e71b41ab2f
6617adb7e10537e71b41ab56,Git & Version Control,54,Advance,2023-05-31,2023-06-10,6610e2f9e10537e8a3bceecb,6617ad57e10537e8a3bcf24c
6617adb7e10537e71b41ab58,DevOps Operations,80,Advance,2022-12-25,2023-01-04,6610e2f9e10537e7a3c97044,6617ad57e10537e7c5210473
6617adb7e10537e71b41ab59,Python for DS,18,Basic,2021-11-16,2021-11-19,6610e2f9e10537e7c521010f,6617ad57e10537e73df521ce
6617adb7e10537e71b41ab5a,Python & Web Scraping,11,Advance,2020-11-17,2020-11-25,6610e2f9e10537e8c57ab126,6617ad57e10537e80985c4c3
6617adb7e10537e71b41ab5b,Data Engineering,98,Basic,2023-07-17,2023-07-19,6610e2f9e10537e80c7b83eb,6617ad57e10537e75294a083
6617adb7e10537e71b41ab60,Data Engineering,10,Advance,2022-09-24,2022-10-04,6610e2f9e10537e6d7ef0f84,6617ad57e10537e7916ba28e
6617adb7e10537e71b41ab61,ML Basics,14,Intermidiate,2020-05-24,2020-05-30,6610e2f9e10537e8928bbcc8,6617ad57e10537e8928bc030
6617adb7e10537e71b41ab62,Full Stack,37,Basic,2021-09-24,2021-09-25,6610e2f9e10537e71b41a7c8,6617ad57e10537e82b6ef837
6617adb7e10537e71b41ab64,ML Basics,84,Intermidiate,2021-06-14,2021-06-19,6610e2f9e10537e7a67f3c07,6617ad57e10537e6f9e7872d
6617adb7e10537e8a3bcf24f,Cloud Platforms,54,Basic,2020-11-29,2020-11-30,6610e2f9e10537e7a3c97044,6617ad57e10537e7e7de07bc
6617adb7e10537e8a3bcf250,DevOps Operations,91,Basic,2023-08-16,2023-08-20,6610e2f9e10537e72c30fed4,6617ad57e10537e7c5210489
6617adb7e10537e8a3bcf254,Full Stack,70,Advance,2021-08-19,2021-08-28,6610e2f9e10537e6c405f59c,6617ad57e10537e72c31023f
6617adb7e10537e8a3bcf255,DevOps Operations,98,Advance,2022-07-15,2022-07-23,6610e2f9e10537e82b6ef4d9,6617ad57e10537e6d7ef12f2
6617adb7e10537e8a3bcf257,ML Basics,63,Advance,2020-08-24,2020-09-02,6610e2f9e10537e770365f6c,6617ad57e10537e8928bc03e
6617adb7e10537e8a3bcf258,Data Engineering,80,Intermidiate,2022-02-20,2022-02-26,6610e2f9e10537e7714b1da1,6617ad57e10537e7714b2103
6617adb7e10537e8a3bcf259,Data Engineering,58,Advance,2023-01-19,2023-01-29,6610e2f9e10537e7916b9f18,6617ad57e10537e75294a06c
6617adb7e10537e8a3bcf25a,Cloud Platforms,67,Advance,2021-04-17,2021-04-27,6610e2f9e10537e83cb671b5,6617ad57e10537e8b1b760bb
6617adb7e10537e8a3bcf25b,Python & Web Scraping,94,Intermidiate,2024-03-15,2024-03-22,6610e2f9e10537e6dda6c982,6617ad57e10537e75294a070
6617adb7e10537e8a3bcf25c,Git & Version Control,37,Intermidiate,2022-07-13,2022-07-18,6610e2f9e10537e7e7de045e,6617ad57e10537e75294a081
6617adb7e10537e8a3bcf25d,DBT,56,Advance,2021-05-23,2021-05-31,6610e2f9e10537e73df51e6e,6617ad57e10537e82b6ef83a
6617adb7e10537e8a3bcf260,Data Engineering,67,Advance,2021-08-20,2021-08-30,6610e2f9e10537e8928bbcc8,6617ad57e10537e83cb67529
6617adb7e10537e8a3bcf262,ML Basics,73,Basic,2021-07-31,2021-08-04,6610e2f9e10537e8a3bceecb,6617ad57e10537e7b003c7fb
6617adb7e10537e8a3bcf263,Python for DS,36,Basic,2021-08-19,2021-08-23,6610e2f9e10537e7a67f3c07,6617ad57e10537e6c405f911
6617adb7e10537e8a3bcf264,Data Engineering,13,Intermidiate,2022-05-18,2022-05-24,6610e2f9e10537e6d7ef0f84,6617ad57e10537e70a816d35
6617adb7e10537e8a3bcf265,Cloud Platforms,54,Basic,2023-06-21,2023-06-25,6610e2f9e10537e7c28558f5,6617ad57e10537e8c57ab498
6617adb7e10537e8a3bcf266,Git & Version Control,17,Advance,2021-03-22,2021-03-31,6610e2f9e10537e80985c157,6617ad57e10537e80985c4c8
6617adb7e10537e8a3bcf267,DevOps Operations,66,Advance,2022-03-26,2022-04-03,6610e2f9e10537e8b1b75d4e,6617ad57e10537e75294a089
6617adb7e10537e8a3bcf269,DevOps Operations,94,Advance,2020-07-26,2020-08-04,6610e2f9e10537e70a8169c7,6617ad57e10537e7703662da
6617adb8e10537e8a3bcf26c,ADF,27,Basic,2021-12-15,2021-12-19,6610e2f9e10537e8b1b75d4e,6617ad57e10537e841ea2e7d
6617adb7e10537e8b1b760c8,Python & Web Scraping,55,Basic,2021-07-19,2021-07-22,6610e2f9e10537e6f9e783b7,6617ad57e10537e7916ba290
6617adb7e10537e8b1b760ca,DevOps Operations,43,Advance,2023-01-18,2023-01-27,6610e2f9e10537e6c405f59c,6617ad57e10537e8a3bcf237
6617adb7e10537e8b1b760cb,DevOps Operations,84,Advance,2022-07-29,2022-08-08,6610e2f9e10537e7c521010f,6617ad57e10537e6f9e78725
6617adb7e10537e8b1b760cc,Python for DS,91,Advance,2021-06-20,2021-06-28,6610e2f9e10537e7a3c97044,6617ad57e10537e8b1b760c4
6617adb7e10537e8b1b760cf,Git & Version Control,50,Intermidiate,2022-06-22,2022-06-27,6610e2f9e10537e72c30fed4,6617ad57e10537e7b003c7fc
6617adb7e10537e8b1b760d0,Full Stack,14,Advance,2021-02-23,2021-03-05,6610e2f9e10537e73df51e6e,6617ad57e10537e8928bc049
6617adb7e10537e8b1b760d1,DBT,65,Advance,2023-09-17,2023-09-27,6610e2f9e10537e7c28558f5,6617ad57e10537e85f4fe566
6617adb7e10537e8b1b760d2,Git & Version Control,27,Intermidiate,2023-10-24,2023-10-31,6610e2f9e10537e7e7de045e,6617ad57e10537e8d6b75fd0
6617adb7e10537e8b1b760d4,DevOps Operations,32,Advance,2022-09-15,2022-09-24,6610e2f9e10537e70a8169c7,6617ad57e10537e7c2855c6b
6617adb7e10537e8b1b760d5,Python for DS,88,Advance,2020-04-27,2020-05-07,6610e2f9e10537e7714b1da1,6617ad57e10537e83e6ca5bb
6617adb7e10537e8b1b760d6,ML Basics,38,Basic,2021-09-24,2021-09-28,6610e2f9e10537e71b41a7c8,6617ad57e10537e6f9e78729
6617adb7e10537e8b1b760d7,ML Basics,14,Basic,2021-05-20,2021-05-21,6610e2f9e10537e770365f6c,6617ad57e10537e8d6b75fae
6617adb7e10537e8b1b760d8,Python & Web Scraping,60,Intermidiate,2022-10-20,2022-10-27,6610e2f9e10537e841ea2b20,6617ad57e10537e7c521047f
6617adb7e10537e8b1b760d9,Git & Version Control,31,Basic,2023-09-30,2023-10-03,6610e2f9e10537e80985c157,6617ad57e10537e7b003c804
6617adb7e10537e8b1b760da,Python & Web Scraping,94,Basic,2020-04-23,2020-04-27,6610e2f9e10537e85f4fe1f2,6617ad57e10537e7b003c805
6617adb7e10537e8b1b760dd,Cloud Platforms,32,Advance,2020-09-26,2020-10-04,6610e2f9e10537e82b6ef4d9,6617ad57e10537e7c5210483
6617adb7e10537e8b1b760de,Full Stack,88,Intermidiate,2022-11-26,2022-12-02,6610e2f9e10537e83e6ca249,6617ad57e10537e7c5210474
6617adb7e10537e8b1b760e0,Python & Web Scraping,12,Advance,2020-07-16,2020-07-26,6610e2f9e10537e7a67f3c07,6617ad57e10537e6d7ef12f2
6617adb7e10537e8b1b760e2,Python & Web Scraping,87,Basic,2022-08-18,2022-08-21,6610e2f9e10537e80c7b83eb,6617ad57e10537e73df521cc
6617adb7e10537e8b1b760e4,ADF,26,Intermidiate,2022-11-19,2022-11-25,6610e2f9e10537e8c57ab126,6617ad57e10537e7c521048c
6617adb7e10537e8b1b760e5,Git & Version Control,95,Basic,2020-10-20,2020-10-22,6610e2f9e10537e8928bbcc8,6617ad57e10537e875099ce5
6617adb8e10537e8b1b760e6,DevOps Operations,66,Basic,2020-09-23,2020-09-27,6610e2f9e10537e6f9e783b7,6617ad57e10537e70a816d41
6617adb7e10537e6c405f918,Data Engineering,68,Intermidiate,2021-07-30,2021-08-05,6610e2f9e10537e73df51e6e,6617ad57e10537e875099cd9
6617adb7e10537e6c405f91a,Cloud Platforms,77,Advance,2021-06-23,2021-07-02,6610e2f9e10537e83e6ca249,6617ad57e10537e8b1b760b6
6617adb7e10537e6c405f91d,Data Engineering,35,Intermidiate,2020-10-23,2020-10-28,6610e2f9e10537e7c28558f5,6617ad57e10537e85f4fe56d
6617adb7e10537e6c405f91e,ADF,30,Advance,2022-02-25,2022-03-05,6610e2f9e10537e7b003c499,6617ad57e10537e8a3bcf24c
6617adb7e10537e6c405f91f,Git & Version Control,64,Advance,2023-10-24,2023-11-03,6610e2f9e10537e80985c157,6617ad57e10537e6dda6cce9
6617adb7e10537e6c405f920,Cloud Platforms,79,Advance,2023-01-18,2023-01-28,6610e2f9e10537e6dda6c982,6617ad57e10537e7a67f3f80
6617adb7e10537e6c405f921,Python & Web Scraping,40,Intermidiate,2021-12-30,2022-01-05,6610e2f9e10537e85f4fe1f2,6617ad57e10537e841ea2e96
6617adb7e10537e6c405f922,Python & Web Scraping,90,Advance,2023-12-29,2024-01-07,6610e2f9e10537e72c30fed4,6617ad57e10537e7916ba288
6617adb7e10537e6c405f923,Data Engineering,14,Basic,2023-10-15,2023-10-19,6610e2f9e10537e7916b9f18,6617ad57e10537e70a816d42
6617adb7e10537e6c405f924,ADF,88,Advance,2022-11-27,2022-12-06,6610e2f9e10537e83cb671b5,6617ad57e10537e7a67f3f68
6617adb7e10537e6c405f927,Cloud Platforms,74,Advance,2023-11-30,2023-12-10,6610e2f9e10537e8c57ab126,6617ad57e10537e72c310238
6617adb7e10537e6c405f928,Python & Web Scraping,22,Advance,2024-01-18,2024-01-26,6610e2f9e10537e6d7ef0f84,6617ad57e10537e7e7de07c5
6617adb7e10537e6c405f92f,DevOps Operations,15,Intermidiate,2021-12-26,2022-01-01,6610e2f9e10537e6f9e783b7,6617ad57e10537e8a3bcf23f
6617adb7e10537e6c405f932,DevOps Operations,16,Intermidiate,2023-06-25,2023-07-02,6610e2f9e10537e71b41a7c8,6617ad57e10537e75294a07a
6617adb8e10537e6c405f934,ML Basics,36,Intermidiate,2020-07-30,2020-08-05,6610e2f9e10537e841ea2b20,6617ad57e10537e71b41ab33
6617adb7e10537e7703662e6,Python & Web Scraping,35,Basic,2021-01-15,2021-01-16,6610e2f9e10537e82b6ef4d9,6617ad57e10537e841ea2e7b
6617adb7e10537e7703662e7,Cloud Platforms,96,Advance,2021-09-28,2021-10-08,6610e2f9e10537e83e6ca249,6617ad57e10537e85f4fe566
6617adb7e10537e7703662e8,ML Basics,61,Basic,2020-05-17,2020-05-21,6610e2f9e10537e8c57ab126,6617ad57e10537e71b41ab44
6617adb7e10537e7703662ea,DBT,100,Intermidiate,2021-08-28,2021-09-02,6610e2f9e10537e7c521010f,6617ad57e10537e70a816d34
6617adb7e10537e7703662eb,Data Engineering,40,Intermidiate,2020-06-29,2020-07-04,6610e2f9e10537e7916b9f18,6617ad57e10537e7a67f3f65
6617adb7e10537e7703662ed,Python & Web Scraping,87,Basic,2020-04-27,2020-04-29,6610e2f9e10537e8b1b75d4e,6617ad57e10537e7c521046f
6617adb7e10537e7703662ee,Git & Version Control,57,Advance,2023-12-31,2024-01-09,6610e2f9e10537e7714b1da1,6617ad57e10537e80985c4c7
6617adb7e10537e7703662f2,Data Engineering,86,Basic,2020-12-14,2020-12-18,6610e2f9e10537e875099976,6617ad57e10537e740772dfc
6617adb7e10537e7703662f3,Python & Web Scraping,51,Advance,2020-04-23,2020-05-02,6610e2f9e10537e7b003c499,6617ad57e10537e7714b20ff
6617adb7e10537e7703662f5,Python & Web Scraping,16,Basic,2021-11-18,2021-11-20,6610e2f9e10537e85f4fe1f2,6617ad57e10537e7e7de07d1
6617adb7e10537e7703662f8,Full Stack,26,Basic,2023-03-30,2023-03-31,6610e2f9e10537e8928bbcc8,6617ad57e10537e6dda6ccf4
6617adb7e10537e7703662f9,DevOps Operations,41,Advance,2020-12-14,2020-12-22,6610e2f9e10537e7c28558f5,6617ad57e10537e72c310242
6617adb7e10537e7703662fa,Python & Web Scraping,77,Basic,2022-11-19,2022-11-21,6610e2f9e10537e71b41a7c8,6617ad57e10537e70a816d49
6617adb7e10537e7703662fb,DBT,97,Basic,2024-01-25,2024-01-27,6610e2f9e10537e6dda6c982,6617ad57e10537e6f9e78721
6617adb7e10537e7703662fc,Cloud Platforms,24,Advance,2020-06-30,2020-07-09,6610e2f9e10537e6c405f59c,6617ad57e10537e7714b2101
6617adb7e10537e7703662fd,ADF,75,Intermidiate,2020-11-29,2020-12-06,6610e2f9e10537e72c30fed4,6617ad57e10537e7e7de07ce
6617adb7e10537e7703662fe,ML Basics,93,Basic,2023-01-30,2023-02-03,6610e2f9e10537e6d7ef0f84,6617ad57e10537e6d7ef12f7
6617adb7e10537e7703662ff,Git & Version Control,53,Advance,2021-11-15,2021-11-25,6610e2f9e10537e80985c157,6617ad57e10537e8b1b760aa
6617adb7e10537e770366302,Python for DS,65,Basic,2022-09-26,2022-09-29,6610e2f9e10537e73df51e6e,6617ad57e10537e8928bc045
6617adb7e10537e770366303,DevOps Operations,11,Advance,2023-08-25,2023-09-04,6610e2f9e10537e770365f6c,6617ad57e10537e6dda6cce1
6617adb8e10537e770366304,ML Basics,48,Basic,2021-02-27,2021-02-28,6610e2f9e10537e7916b9f18,6617ad57e10537e80985c4cd
6617adb7e10537e7c2855c6f,DevOps Operations,34,Intermidiate,2022-07-24,2022-07-31,6610e2f9e10537e8928bbcc8,6617ad57e10537e82b6ef84f
6617adb7e10537e7c2855c71,Python & Web Scraping,65,Basic,2023-05-21,2023-05-23,6610e2f9e10537e80985c157,6617ad57e10537e6d7ef12dd
6617adb7e10537e7c2855c72,Python for DS,85,Advance,2021-02-23,2021-03-04,6610e2f9e10537e875099976,6617ad57e10537e7703662de
6617adb7e10537e7c2855c74,ML Basics,31,Advance,2023-04-17,2023-04-25,6610e2f9e10537e83e6ca249,6617ad57e10537e82b6ef846
6617adb7e10537e7c2855c77,Python for DS,75,Intermidiate,2023-02-18,2023-02-25,6610e2f9e10537e7c28558f5,6617ad57e10537e6c405f8f8
6617adb7e10537e7c2855c79,Python & Web Scraping,79,Intermidiate,2022-04-28,2022-05-03,6610e2f9e10537e7c521010f,6617ad57e10537e740772e0a
6617adb7e10537e7c2855c7a,ML Basics,56,Advance,2022-10-21,2022-10-31,6610e2f9e10537e7a67f3c07,6617ad57e10537e7703662cd
6617adb7e10537e7c2855c7b,Full Stack,20,Basic,2022-03-27,2022-03-29,6610e2f9e10537e7a3c97044,6617ad57e10537e75294a07b
6617adb7e10537e7c2855c7c,ADF,83,Advance,2020-05-20,2020-05-29,6610e2f9e10537e82b6ef4d9,6617ad57e10537e8b1b760bd
6617adb7e10537e7c2855c7d,ADF,22,Advance,2021-03-26,2021-04-04,6610e2f9e10537e8b1b75d4e,6617ad57e10537e7b003c7fa
6617adb7e10537e7c2855c7f,Data Engineering,69,Advance,2022-12-29,2023-01-08,6610e2f9e10537e6f9e783b7,6617ad57e10537e73df521d2
6617adb7e10537e7c2855c81,Full Stack,86,Basic,2020-12-15,2020-12-17,6610e2f9e10537e8c57ab126,6617ad57e10537e8928bc038
6617adb7e10537e7c2855c82,Git & Version Control,37,Basic,2023-08-22,2023-08-24,6610e2f9e10537e70a8169c7,6617ad57e10537e7a3c973b6
6617adb7e10537e7c2855c87,Python & Web Scraping,83,Basic,2020-04-21,2020-04-24,6610e2f9e10537e6d7ef0f84,6617ad57e10537e8c57ab495
6617adb7e10537e7c2855c88,Python for DS,52,Advance,2023-10-14,2023-10-23,6610e2f9e10537e7e7de045e,6617ad57e10537e8a3bcf24d
6617adb7e10537e7c2855c89,Python for DS,17,Intermidiate,2021-02-17,2021-02-22,6610e2f9e10537e6dda6c982,6617ad57e10537e7c5210470
6617adb8e10537e7c2855c8d,DevOps Operations,74,Basic,2023-01-14,2023-01-15,6610e2f9e10537e7916b9f18,6617ad57e10537e8c57ab4a4
6617adb7e10537e841ea2e9a,Full Stack,71,Basic,2021-08-14,2021-08-15,6610e2f9e10537e7a3c97044,6617ad57e10537e83e6ca5b9
6617adb7e10537e841ea2e9c,Python for DS,72,Advance,2022-01-18,2022-01-26,6610e2f9e10537e71b41a7c8,6617ad57e10537e82b6ef83b
6617adb7e10537e841ea2e9d,Git & Version Control,69,Intermidiate,2020-07-16,2020-07-21,6610e2f9e10537e80c7b83eb,6617ad57e10537e7703662d5
6617adb7e10537e841ea2e9e,Cloud Platforms,46,Basic,2023-08-25,2023-08-26,6610e2f9e10537e7b003c499,6617ad57e10537e7703662da
6617adb7e10537e841ea2ea0,Python & Web Scraping,50,Advance,2022-03-25,2022-04-03,6610e2f9e10537e7c521010f,6617ad57e10537e70a816d42
6617adb7e10537e841ea2ea1,DBT,60,Advance,2023-05-18,2023-05-26,6610e2f9e10537e83cb671b5,6617ad57e10537e7714b2110
6617adb7e10537e841ea2ea2,Git & Version Control,75,Basic,2022-04-17,2022-04-19,6610e2f9e10537e7e7de045e,6617ad57e10537e8d6b75fba
6617adb7e10537e841ea2ea3,Cloud Platforms,27,Intermidiate,2022-06-27,2022-07-04,6610e2f9e10537e8a3bceecb,6617ad57e10537e6d7ef12e0
6617adb7e10537e841ea2ea4,Data Engineering,89,Basic,2021-01-27,2021-01-29,6610e2f9e10537e70a8169c7,6617ad57e10537e85f4fe56c
6617adb7e10537e841ea2ea5,Git & Version Control,69,Intermidiate,2022-10-15,2022-10-22,6610e2f9e10537e770365f6c,6617ad57e10537e841ea2e82
6617adb7e10537e841ea2ea6,ADF,13,Advance,2021-05-26,2021-06-03,6610e2f9e10537e7a67f3c07,6617ad57e10537e7a3c973a8
6617adb7e10537e841ea2ea7,Data Engineering,94,Advance,2020-07-22,2020-07-30,6610e2f9e10537e841ea2b20,6617ad57e10537e8a3bcf248
6617adb7e10537e841ea2ea9,Cloud Platforms,47,Intermidiate,2021-04-26,2021-05-03,6610e2f9e10537e80985c157,6617ad57e10537e7c2855c6d
6617adb7e10537e841ea2eaa,Full Stack,100,Intermidiate,2023-12-25,2023-12-31,6610e2f9e10537e6dda6c982,6617ad57e10537e7916ba2a3
6617adb7e10537e841ea2ead,ML Basics,49,Intermidiate,2021-07-26,2021-08-02,6610e2f9e10537e8c57ab126,6617ad57e10537e7a67f3f6b
6617adb7e10537e841ea2eae,DBT,60,Basic,2024-02-14,2024-02-15,6610e2f9e10537e6f9e783b7,6617ad57e10537e7714b210f
6617adb7e10537e841ea2eb0,Cloud Platforms,69,Advance,2023-03-21,2023-03-29,6610e2f9e10537e82b6ef4d9,6617ad57e10537e7714b210d
6617adb7e10537e841ea2eb1,ML Basics,49,Advance,2021-08-15,2021-08-24,6610e2f9e10537e8b1b75d4e,6617ad57e10537e80c7b875f
6617adb7e10537e841ea2eb2,DBT,96,Basic,2021-01-24,2021-01-25,6610e2f9e10537e752949d13,6617ad57e10537e841ea2e92
6617adb7e10537e841ea2eb4,Python & Web Scraping,94,Basic,2023-02-16,2023-02-20,6610e2f9e10537e83e6ca249,6617ad57e10537e7a3c973b6
6617adb7e10537e841ea2eb6,Cloud Platforms,55,Intermidiate,2023-05-18,2023-05-25,6610e2f9e10537e72c30fed4,6617ad57e10537e8d6b75fc1
6617adb7e10537e841ea2eb7,ADF,55,Advance,2021-05-21,2021-05-31,6610e2f9e10537e7c28558f5,6617ad57e10537e7c5210489
6617adb7e10537e7a67f3f81,ADF,63,Basic,2021-12-27,2021-12-29,6610e2f9e10537e770365f6c,6617ad57e10537e8c57ab4ac
6617adb7e10537e7a67f3f83,ADF,25,Advance,2023-04-26,2023-05-05,6610e2f9e10537e82b6ef4d9,6617ad57e10537e8b1b760c6
6617adb7e10537e7a67f3f84,DevOps Operations,49,Intermidiate,2020-08-18,2020-08-25,6610e2f9e10537e7a3c97044,6617ad57e10537e7a3c973b6
6617adb7e10537e7a67f3f85,Python for DS,91,Basic,2023-10-27,2023-10-29,6610e2f9e10537e7b003c499,6617ad57e10537e7e7de07b5
6617adb7e10537e7a67f3f86,Full Stack,100,Advance,2020-10-15,2020-10-24,6610e2f9e10537e8c57ab126,6617ad57e10537e6f9e78712
6617adb7e10537e7a67f3f87,ML Basics,12,Basic,2021-11-14,2021-11-17,6610e2f9e10537e7916b9f18,6617ad57e10537e7714b2114
6617adb7e10537e7a67f3f88,Git & Version Control,39,Basic,2021-12-21,2021-12-25,6610e2f9e10537e7c521010f,6617ad57e10537e8d6b75fb0
6617adb7e10537e7a67f3f89,Data Engineering,81,Advance,2021-10-17,2021-10-27,6610e2f9e10537e7c28558f5,6617ad57e10537e841ea2e8c
6617adb7e10537e7a67f3f8b,Python & Web Scraping,69,Advance,2022-07-16,2022-07-25,6610e2f9e10537e752949d13,6617ad57e10537e80c7b8755
6617adb7e10537e7a67f3f8c,ADF,74,Intermidiate,2020-09-15,2020-09-22,6610e2f9e10537e72c30fed4,6617ad57e10537e740772dfa
6617adb7e10537e7a67f3f8d,Python for DS,67,Advance,2021-03-14,2021-03-24,6610e2f9e10537e71b41a7c8,6617ad57e10537e875099cdd
6617adb7e10537e7a67f3f90,DevOps Operations,51,Basic,2021-02-19,2021-02-21,6610e2f9e10537e70a8169c7,6617ad57e10537e8b1b760b6
6617adb7e10537e7a67f3f92,Cloud Platforms,13,Intermidiate,2023-10-17,2023-10-24,6610e2f9e10537e83e6ca249,6617ad57e10537e82b6ef839
6617adb7e10537e7a67f3f94,ML Basics,31,Advance,2021-02-18,2021-02-26,6610e2f9e10537e8928bbcc8,6617ad57e10537e83e6ca5c4
6617adb7e10537e7a67f3f96,Cloud Platforms,36,Advance,2022-10-30,2022-11-07,6610e2f9e10537e7714b1da1,6617ad57e10537e875099ced
6617adb7e10537e7a67f3f98,DevOps Operations,100,Intermidiate,2021-01-22,2021-01-27,6610e2f9e10537e85f4fe1f2,6617ad57e10537e6dda6ccdc
6617adb7e10537e7a67f3f9b,ADF,94,Basic,2022-12-22,2022-12-26,6610e2f9e10537e8a3bceecb,6617ad57e10537e80985c4cb
6617adb7e10537e7a67f3f9c,Python & Web Scraping,61,Advance,2022-04-17,2022-04-27,6610e2f9e10537e80c7b83eb,6617ad57e10537e740772e02
6617adb7e10537e7a67f3f9d,Python for DS,92,Intermidiate,2020-04-27,2020-05-02,6610e2f9e10537e841ea2b20,6617ad57e10537e83e6ca5c2
6617adb7e10537e82b6ef852,DBT,74,Advance,2022-05-20,2022-05-30,6610e2f9e10537e7916b9f18,6617ad57e10537e73df521dc
6617adb7e10537e82b6ef853,Git & Version Control,81,Intermidiate,2021-05-31,2021-06-06,6610e2f9e10537e7b003c499,6617ad57e10537e7c2855c55
6617adb7e10537e82b6ef854,DBT,18,Basic,2021-05-25,2021-05-27,6610e2f9e10537e770365f6c,6617ad57e10537e8b1b760bb
6617adb7e10537e82b6ef855,Python for DS,100,Basic,2022-03-28,2022-03-29,6610e2f9e10537e83e6ca249,6617ad57e10537e7c2855c51
6617adb7e10537e82b6ef856,Python & Web Scraping,10,Advance,2023-04-20,2023-04-30,6610e2f9e10537e6d7ef0f84,6617ad57e10537e8928bc038
6617adb7e10537e82b6ef857,DBT,57,Intermidiate,2021-11-16,2021-11-21,6610e2f9e10537e8c57ab126,6617ad57e10537e8928bc044
6617adb7e10537e82b6ef858,Full Stack,35,Basic,2022-12-27,2022-12-29,6610e2f9e10537e6c405f59c,6617ad57e10537e8d6b75fbe
6617adb7e10537e82b6ef85e,Python for DS,52,Advance,2024-02-27,2024-03-06,6610e2f9e10537e85f4fe1f2,6617ad57e10537e82b6ef84b
6617adb7e10537e82b6ef860,Cloud Platforms,64,Basic,2021-12-27,2021-12-29,6610e2f9e10537e8b1b75d4e,6617ad57e10537e7c2855c58
6617adb7e10537e82b6ef862,Python for DS,26,Advance,2023-12-28,2024-01-06,6610e2f9e10537e83cb671b5,6617ad57e10537e83cb6752f
6617adb7e10537e82b6ef863,DBT,79,Advance,2023-10-29,2023-11-06,6610e2f9e10537e7714b1da1,6617ad57e10537e7c2855c5b
6617adb7e10537e82b6ef868,Git & Version Control,44,Basic,2020-11-25,2020-11-26,6610e2f9e10537e6f9e783b7,6617ad57e10537e8b1b760b6
6617adb7e10537e82b6ef86a,Cloud Platforms,67,Intermidiate,2020-12-17,2020-12-23,6610e2f9e10537e7c28558f5,6617ad57e10537e8b1b760c5
6617adb7e10537e82b6ef86c,Git & Version Control,52,Basic,2023-01-20,2023-01-22,6610e2f9e10537e8928bbcc8,6617ad57e10537e7a67f3f68
6617adb7e10537e82b6ef86d,Data Engineering,41,Basic,2020-08-20,2020-08-24,6610e2f9e10537e7c521010f,6617ad57e10537e8b1b760c2
6617adb7e10537e82b6ef86f,Data Engineering,75,Advance,2020-04-14,2020-04-24,6610e2f9e10537e7a67f3c07,6617ad57e10537e72c310230
6617adb8e10537e82b6ef870,DevOps Operations,72,Basic,2020-06-19,2020-06-23,6610e2f9e10537e770365f6c,6617ad57e10537e841ea2e8d
6617adb7e10537e80c7b8764,DevOps Operations,48,Basic,2022-08-31,2022-09-01,6610e2f9e10537e7a67f3c07,6617ad57e10537e8d6b75fbd
6617adb7e10537e80c7b8766,Cloud Platforms,65,Basic,2022-11-27,2022-11-28,6610e2f9e10537e8a3bceecb,6617ad57e10537e71b41ab3b
6617adb7e10537e80c7b8769,Python for DS,65,Advance,2022-06-18,2022-06-28,6610e2f9e10537e71b41a7c8,6617ad57e10537e875099cec
6617adb7e10537e80c7b876c,ADF,16,Intermidiate,2022-02-15,2022-02-20,6610e2f9e10537e875099976,6617ad57e10537e83cb67539
6617adb7e10537e80c7b876d,Cloud Platforms,20,Basic,2022-09-23,2022-09-25,6610e2f9e10537e7a3c97044,6617ad57e10537e7e7de07b6
6617adb7e10537e80c7b876e,Git & Version Control,55,Intermidiate,2022-03-28,2022-04-02,6610e2f9e10537e82b6ef4d9,6617ad57e10537e75294a07b
6617adb7e10537e80c7b8770,Data Engineering,15,Advance,2023-02-15,2023-02-25,6610e2f9e10537e7714b1da1,6617ad57e10537e83cb67528
6617adb7e10537e80c7b8772,Cloud Platforms,37,Basic,2021-10-14,2021-10-16,6610e2f9e10537e770365f6c,6617ad57e10537e82b6ef83f
6617adb7e10537e80c7b8773,Data Engineering,78,Advance,2023-03-15,2023-03-23,6610e2f9e10537e7b003c499,6617ad57e10537e841ea2e81
6617adb7e10537e80c7b8774,Full Stack,80,Intermidiate,2024-02-18,2024-02-25,6610e2f9e10537e6f9e783b7,6617ad57e10537e6dda6ccea
6617adb7e10537e80c7b8775,Full Stack,91,Advance,2022-10-23,2022-11-02,6610e2f9e10537e8928bbcc8,6617ad57e10537e71b41ab46
6617adb7e10537e80c7b8778,Python & Web Scraping,44,Intermidiate,2022-02-17,2022-02-23,6610e2f9e10537e7c28558f5,6617ad57e10537e8a3bcf234
6617adb7e10537e80c7b8779,DBT,10,Intermidiate,2023-07-23,2023-07-28,6610e2f9e10537e7c521010f,6617ad57e10537e85f4fe568
6617adb7e10537e80c7b877f,Cloud Platforms,49,Intermidiate,2022-10-29,2022-11-04,6610e2f9e10537e841ea2b20,6617ad57e10537e83e6ca5bd
6617adb7e10537e80c7b8780,Cloud Platforms,59,Advance,2022-09-28,2022-10-06,6610e2f9e10537e80985c157,6617ad57e10537e740772e06
6617adb7e10537e80c7b8781,DevOps Operations,42,Advance,2021-10-26,2021-11-04,6610e2f9e10537e70a8169c7,6617ad57e10537e740772e0c
6617adb8e10537e80c7b8782,Full Stack,56,Basic,2023-08-31,2023-09-03,6610e2f9e10537e8928bbcc8,6617ad57e10537e7714b2116
6617adb7e10537e7b003c814,Python & Web Scraping,100,Basic,2021-01-26,2021-01-27,6610e2f9e10537e875099976,6617ad57e10537e72c310241
6617adb7e10537e7b003c815,Full Stack,47,Advance,2022-03-15,2022-03-24,6610e2f9e10537e6f9e783b7,6617ad57e10537e7703662da
6617adb7e10537e7b003c817,Data Engineering,96,Intermidiate,2021-01-21,2021-01-28,6610e2f9e10537e8928bbcc8,6617ad57e10537e6d7ef12f3
6617adb7e10537e7b003c819,Python & Web Scraping,52,Advance,2020-09-17,2020-09-26,6610e2f9e10537e752949d13,6617ad57e10537e83e6ca5c0
6617adb7e10537e7b003c81d,DBT,68,Intermidiate,2020-04-20,2020-04-25,6610e2f9e10537e8b1b75d4e,6617ad57e10537e841ea2e98
6617adb7e10537e7b003c820,DBT,12,Basic,2023-11-17,2023-11-19,6610e2f9e10537e85f4fe1f2,6617ad57e10537e8c57ab493
6617adb7e10537e7b003c821,DevOps Operations,54,Basic,2020-09-23,2020-09-24,6610e2f9e10537e6d7ef0f84,6617ad57e10537e740772e06
6617adb7e10537e7b003c823,Cloud Platforms,56,Basic,2021-05-20,2021-05-22,6610e2f9e10537e7c28558f5,6617ad57e10537e841ea2e80
6617adb7e10537e7b003c824,Python & Web Scraping,62,Advance,2020-05-20,2020-05-30,6610e2f9e10537e7e7de045e,6617ad57e10537e7b003c80b
6617adb7e10537e7b003c825,Data Engineering,13,Advance,2022-07-15,2022-07-25,6610e2f9e10537e7b003c499,6617ad57e10537e75294a07b
6617adb7e10537e7b003c826,Python & Web Scraping,46,Intermidiate,2021-01-15,2021-01-22,6610e2f9e10537e6c405f59c,6617ad57e10537e83cb6751f
6617adb7e10537e7b003c828,DevOps Operations,75,Intermidiate,2020-06-28,2020-07-04,6610e2f9e10537e83cb671b5,6617ad57e10537e7b003c7f9
6617adb7e10537e7b003c829,DBT,84,Intermidiate,2020-12-19,2020-12-26,6610e2f9e10537e80985c157,6617ad57e10537e8928bc03e
6617adb7e10537e7b003c82a,Python for DS,19,Basic,2023-02-22,2023-02-23,6610e2f9e10537e83e6ca249,6617ad57e10537e841ea2e8e
6617adb7e10537e7b003c82c,DBT,14,Advance,2020-09-29,2020-10-09,6610e2f9e10537e770365f6c,6617ad57e10537e7e7de07c8
6617adb7e10537e7b003c82e,DBT,64,Advance,2023-08-23,2023-09-01,6610e2f9e10537e7a67f3c07,6617ad57e10537e72c310239
6617adb8e10537e7b003c831,DevOps Operations,58,Intermidiate,2023-06-24,2023-06-30,6610e2f9e10537e8c57ab126,6617ad57e10537e73df521d4
6617adb7e10537e875099cef,ML Basics,42,Basic,2022-08-20,2022-08-23,6610e2f9e10537e8928bbcc8,6617ad57e10537e8928bc042
6617adb7e10537e875099cf0,Python for DS,96,Advance,2021-07-21,2021-07-31,6610e2f9e10537e7916b9f18,6617ad57e10537e6dda6cce3
6617adb7e10537e875099cf1,Python & Web Scraping,63,Basic,2022-10-21,2022-10-23,6610e2f9e10537e6d7ef0f84,6617ad57e10537e7e7de07c1
6617adb7e10537e875099cf2,Git & Version Control,40,Intermidiate,2022-06-16,2022-06-23,6610e2f9e10537e85f4fe1f2,6617ad57e10537e73df521cb
6617adb7e10537e875099cf4,DBT,66,Basic,2021-09-21,2021-09-24,6610e2f9e10537e7b003c499,6617ad57e10537e7c521048d
6617adb7e10537e875099cf6,Python for DS,45,Intermidiate,2022-07-24,2022-07-31,6610e2f9e10537e875099976,6617ad57e10537e841ea2e7c
6617adb7e10537e875099cf7,Python for DS,43,Intermidiate,2020-12-25,2020-12-31,6610e2f9e10537e770365f6c,6617ad57e10537e83cb67523
6617adb7e10537e875099cf9,Full Stack,70,Advance,2020-04-16,2020-04-24,6610e2f9e10537e8c57ab126,6617ad57e10537e72c310244
6617adb7e10537e875099cfa,Python for DS,41,Basic,2023-08-31,2023-09-04,6610e2f9e10537e83cb671b5,6617ad57e10537e8c57ab49d
6617adb7e10537e875099cfc,Git & Version Control,82,Intermidiate,2023-12-16,2023-12-23,6610e2f9e10537e72c30fed4,6617ad57e10537e85f4fe565
6617adb7e10537e875099cfd,Full Stack,21,Intermidiate,2020-06-19,2020-06-26,6610e2f9e10537e7a3c97044,6617ad57e10537e80985c4cc
6617adb7e10537e875099cfe,ADF,55,Basic,2023-01-14,2023-01-17,6610e2f9e10537e7c521010f,6617ad57e10537e8b1b760b1
6617adb7e10537e875099cff,ADF,37,Basic,2021-01-19,2021-01-22,6610e2f9e10537e7714b1da1,6617ad57e10537e740772e01
6617adb7e10537e875099d02,Python for DS,53,Advance,2022-01-14,2022-01-24,6610e2f9e10537e71b41a7c8,6617ad57e10537e7916ba297
6617adb7e10537e875099d03,ADF,44,Basic,2020-06-22,2020-06-25,6610e2f9e10537e70a8169c7,6617ad57e10537e7916ba293
6617adb7e10537e875099d04,Python for DS,51,Basic,2021-09-29,2021-10-02,6610e2f9e10537e841ea2b20,6617ad57e10537e8928bc040
6617adb7e10537e875099d05,Git & Version Control,43,Advance,2022-07-30,2022-08-07,6610e2f9e10537e80985c157,6617ad57e10537e85f4fe55c
6617adb7e10537e875099d06,Cloud Platforms,45,Intermidiate,2022-08-19,2022-08-24,6610e2f9e10537e6c405f59c,6617ad57e10537e80985c4b9
6617adb7e10537e875099d07,ADF,65,Advance,2023-12-27,2024-01-05,6610e2f9e10537e82b6ef4d9,6617ad57e10537e7c5210473
6617adb7e10537e875099d08,DBT,29,Basic,2020-06-25,2020-06-28,6610e2f9e10537e6f9e783b7,6617ad57e10537e7703662d4
6617adb7e10537e875099d09,Full Stack,35,Advance,2022-12-29,2023-01-06,6610e2f9e10537e8a3bceecb,6617ad57e10537e85f4fe559
6617adb7e10537e875099d0a,Python & Web Scraping,50,Advance,2021-10-26,2021-11-03,6610e2f9e10537e7a67f3c07,6617ad57e10537e7b003c7f9
6617adb7e10537e875099d0b,Cloud Platforms,53,Intermidiate,2022-11-21,2022-11-28,6610e2f9e10537e7c28558f5,6617ad57e10537e73df521cd
6617adb7e10537e875099d0c,Python for DS,43,Advance,2022-04-19,2022-04-29,6610e2f9e10537e752949d13,6617ad57e10537e7b003c7f7
6617adb8e10537e875099d0d,Python for DS,53,Advance,2021-05-25,2021-06-03,6610e2f9e10537e82b6ef4d9,6617ad57e10537e6d7ef12e5
6617adb7e10537e75294a08c,Cloud Platforms,80,Basic,2020-07-25,2020-07-29,6610e2f9e10537e83cb671b5,6617ad57e10537e85f4fe56c
6617adb7e10537e75294a08d,Python & Web Scraping,67,Intermidiate,2023-02-19,2023-02-24,6610e2f9e10537e8928bbcc8,6617ad57e10537e80c7b874c
6617adb7e10537e75294a093,DBT,44,Advance,2023-10-26,2023-11-05,6610e2f9e10537e7a67f3c07,6617ad57e10537e841ea2e85
6617adb7e10537e75294a094,DBT,65,Advance,2023-05-13,2023-05-23,6610e2f9e10537e8c57ab126,6617ad57e10537e83cb6751f
6617adb7e10537e75294a095,ML Basics,82,Intermidiate,2020-10-14,2020-10-20,6610e2f9e10537e73df51e6e,6617ad57e10537e8c57ab49a
6617adb7e10537e75294a098,Git & Version Control,57,Advance,2023-03-31,2023-04-08,6610e2f9e10537e841ea2b20,6617ad57e10537e6d7ef12ef
6617adb7e10537e75294a099,Python & Web Scraping,75,Advance,2022-01-23,2022-02-02,6610e2f9e10537e7b003c499,6617ad57e10537e7c2855c67
6617adb7e10537e75294a09a,ML Basics,45,Basic,2022-06-14,2022-06-18,6610e2f9e10537e7a3c97044,6617ad57e10537e740772e03
6617adb7e10537e75294a09d,ML Basics,43,Intermidiate,2020-12-25,2021-01-01,6610e2f9e10537e82b6ef4d9,6617ad57e10537e7916ba297
6617adb7e10537e75294a09e,DBT,98,Intermidiate,2022-12-19,2022-12-26,6610e2f9e10537e875099976,6617ad57e10537e8b1b760b9
6617adb7e10537e75294a0a1,ADF,77,Basic,2024-02-20,2024-02-24,6610e2f9e10537e70a8169c7,6617ad57e10537e8b1b760b8
6617adb7e10537e75294a0a3,Cloud Platforms,97,Advance,2020-05-13,2020-05-22,6610e2f9e10537e8b1b75d4e,6617ad57e10537e8928bc044
6617adb7e10537e75294a0a5,ML Basics,63,Basic,2021-02-20,2021-02-22,6610e2f9e10537e6f9e783b7,6617ad57e10537e7c5210476
6617adb7e10537e75294a0a6,Full Stack,24,Basic,2024-03-30,2024-04-03,6610e2f9e10537e8a3bceecb,6617ad57e10537e7e7de07b4
6617adb7e10537e75294a0a7,Python & Web Scraping,61,Intermidiate,2021-08-26,2021-09-02,6610e2f9e10537e6c405f59c,6617ad57e10537e8928bc045
6617adb7e10537e6d7ef12fb,Python for DS,79,Advance,2020-07-30,2020-08-08,6610e2f9e10537e7c28558f5,6617ad57e10537e875099ced
6617adb7e10537e6d7ef12fd,ML Basics,78,Advance,2022-06-18,2022-06-27,6610e2f9e10537e7e7de045e,6617ad57e10537e85f4fe560
6617adb7e10537e6d7ef12ff,ML Basics,64,Intermidiate,2023-05-23,2023-05-30,6610e2f9e10537e8c57ab126,6617ad57e10537e7916ba297
6617adb7e10537e6d7ef1300,Python & Web Scraping,30,Intermidiate,2022-03-28,2022-04-04,6610e2f9e10537e6dda6c982,6617ad57e10537e75294a06e
6617adb7e10537e6d7ef1301,Full Stack,12,Intermidiate,2020-10-20,2020-10-26,6610e2f9e10537e6f9e783b7,6617ad57e10537e7c2855c6e
6617adb7e10537e6d7ef1304,Data Engineering,36,Intermidiate,2023-02-18,2023-02-24,6610e2f9e10537e7714b1da1,6617ad57e10537e82b6ef839
6617adb7e10537e6d7ef130a,Data Engineering,42,Basic,2023-10-20,2023-10-24,6610e2f9e10537e841ea2b20,6617ad57e10537e7703662c7
6617adb7e10537e6d7ef130c,DBT,24,Advance,2021-06-18,2021-06-27,6610e2f9e10537e7b003c499,6617ad57e10537e71b41ab2e
6617adb7e10537e6d7ef130d,Python for DS,79,Advance,2023-02-24,2023-03-06,6610e2f9e10537e8b1b75d4e,6617ad57e10537e83cb67532
6617adb7e10537e6d7ef130e,Full Stack,71,Basic,2020-08-29,2020-08-31,6610e2f9e10537e83cb671b5,6617ad57e10537e7c2855c58
6617adb7e10537e6d7ef1310,ML Basics,25,Basic,2022-10-14,2022-10-18,6610e2f9e10537e82b6ef4d9,6617ad57e10537e72c310249
6617adb7e10537e6d7ef1311,Full Stack,70,Advance,2020-04-14,2020-04-24,6610e2f9e10537e80c7b83eb,6617ad57e10537e71b41ab3b
6617adb7e10537e6d7ef1315,Git & Version Control,64,Intermidiate,2022-05-17,2022-05-24,6610e2f9e10537e70a8169c7,6617ad57e10537e8c57ab4a0
6617adb8e10537e6d7ef1319,Cloud Platforms,89,Basic,2021-12-19,2021-12-22,6610e2f9e10537e6dda6c982,6617ad57e10537e80985c4c7
6617adb7e10537e6dda6ccf9,DevOps Operations,82,Intermidiate,2024-03-29,2024-04-05,6610e2f9e10537e6f9e783b7,6617ad57e10537e7916ba28a
6617adb7e10537e6dda6ccfe,DBT,96,Basic,2020-12-23,2020-12-26,6610e2f9e10537e71b41a7c8,6617ad57e10537e83e6ca5bf
6617adb7e10537e6dda6ccff,ADF,95,Advance,2023-10-19,2023-10-28,6610e2f9e10537e73df51e6e,6617ad57e10537e7c5210483
6617adb7e10537e6dda6cd00,Git & Version Control,42,Advance,2024-03-30,2024-04-09,6610e2f9e10537e72c30fed4,6617ad57e10537e7a3c973b2
6617adb7e10537e6dda6cd01,Git & Version Control,38,Advance,2021-05-30,2021-06-07,6610e2f9e10537e83cb671b5,6617ad57e10537e83e6ca5c6
6617adb7e10537e6dda6cd03,Python for DS,71,Basic,2020-07-27,2020-07-29,6610e2f9e10537e6dda6c982,6617ad57e10537e7b003c7f5
6617adb7e10537e6dda6cd04,Data Engineering,69,Intermidiate,2020-12-27,2021-01-02,6610e2f9e10537e82b6ef4d9,6617ad57e10537e82b6ef84b
6617adb7e10537e6dda6cd05,ADF,64,Basic,2023-11-21,2023-11-22,6610e2f9e10537e8b1b75d4e,6617ad57e10537e70a816d4b
6617adb7e10537e6dda6cd07,DevOps Operations,54,Advance,2020-07-23,2020-08-01,6610e2f9e10537e7a3c97044,6617ad57e10537e6dda6cced
6617adb7e10537e6dda6cd08,DevOps Operations,46,Intermidiate,2024-03-31,2024-04-05,6610e2f9e10537e80c7b83eb,6617ad57e10537e6c405f901
6617adb7e10537e6dda6cd0a,DevOps Operations,38,Advance,2024-02-26,2024-03-07,6610e2f9e10537e6c405f59c,6617ad57e10537e8928bc031
6617adb7e10537e6dda6cd0c,Full Stack,88,Basic,2024-03-27,2024-03-29,6610e2f9e10537e70a8169c7,6617ad57e10537e83e6ca5bc
6617adb7e10537e6dda6cd0d,Full Stack,75,Basic,2022-10-19,2022-10-23,6610e2f9e10537e85f4fe1f2,6617ad57e10537e80c7b8755
6617adb7e10537e6dda6cd0e,Cloud Platforms,23,Basic,2023-09-30,2023-10-02,6610e2f9e10537e770365f6c,6617ad57e10537e875099cd4
6617adb7e10537e6dda6cd0f,Cloud Platforms,98,Advance,2020-06-14,2020-06-22,6610e2f9e10537e7b003c499,6617ad57e10537e6dda6cce2
6617adb7e10537e6dda6cd10,ML Basics,97,Advance,2023-01-20,2023-01-29,6610e2f9e10537e8a3bceecb,6617ad57e10537e80c7b8762
6617adb7e10537e6dda6cd12,Full Stack,51,Basic,2022-06-14,2022-06-17,6610e2f9e10537e752949d13,6617ad57e10537e7b003c812
6617adb7e10537e6dda6cd16,ADF,83,Intermidiate,2021-07-22,2021-07-27,6610e2f9e10537e83e6ca249,6617ad57e10537e6dda6cce6
6617adb8e10537e6dda6cd17,DevOps Operations,56,Intermidiate,2020-04-18,2020-04-25,6610e2f9e10537e82b6ef4d9,6617ad57e10537e841ea2e92
6617adb7e10537e7714b2118,Data Engineering,30,Advance,2023-08-13,2023-08-22,6610e2f9e10537e6f9e783b7,6617ad57e10537e73df521dd
6617adb7e10537e7714b2119,DBT,63,Advance,2021-05-28,2021-06-05,6610e2f9e10537e7b003c499,6617ad57e10537e80985c4ca
6617adb7e10537e7714b211b,DBT,39,Intermidiate,2021-02-23,2021-03-01,6610e2f9e10537e7714b1da1,6617ad57e10537e6dda6cce5
6617adb7e10537e7714b211c,Cloud Platforms,97,Advance,2023-05-20,2023-05-28,6610e2f9e10537e8b1b75d4e,6617ad57e10537e875099cdd
6617adb7e10537e7714b211d,Cloud Platforms,82,Basic,2022-01-29,2022-02-02,6610e2f9e10537e73df51e6e,6617ad57e10537e841ea2e7c
6617adb7e10537e7714b211e,DBT,76,Basic,2022-05-15,2022-05-17,6610e2f9e10537e72c30fed4,6617ad57e10537e7a3c973b5
6617adb7e10537e7714b2120,Full Stack,43,Basic,2022-03-14,2022-03-15,6610e2f9e10537e6d7ef0f84,6617ad57e10537e6c405f907
6617adb7e10537e7714b2121,ADF,54,Intermidiate,2020-04-17,2020-04-24,6610e2f9e10537e83cb671b5,6617ad57e10537e7b003c804
6617adb7e10537e7714b2122,Cloud Platforms,64,Intermidiate,2021-04-30,2021-05-07,6610e2f9e10537e8c57ab126,6617ad57e10537e8928bc02e
6617adb7e10537e7714b2124,ML Basics,15,Basic,2023-12-15,2023-12-16,6610e2f9e10537e841ea2b20,6617ad57e10537e80c7b875d
6617adb7e10537e7714b2126,Full Stack,70,Basic,2023-01-24,2023-01-27,6610e2f9e10537e8a3bceecb,6617ad57e10537e83cb67528
6617adb7e10537e7714b2127,Git & Version Control,32,Basic,2021-08-29,2021-08-30,6610e2f9e10537e875099976,6617ad57e10537e6c405f906
6617adb7e10537e7714b2128,Full Stack,55,Basic,2021-06-13,2021-06-17,6610e2f9e10537e6dda6c982,6617ad57e10537e85f4fe55b
6617adb7e10537e7714b2129,Git & Version Control,68,Advance,2023-03-28,2023-04-06,6610e2f9e10537e7916b9f18,6617ad57e10537e8d6b75fc9
6617adb7e10537e7714b212a,Git & Version Control,37,Basic,2023-03-24,2023-03-28,6610e2f9e10537e70a8169c7,6617ad57e10537e73df521cb
6617adb7e10537e7714b212b,ADF,96,Intermidiate,2023-02-15,2023-02-22,6610e2f9e10537e7a67f3c07,6617ad57e10537e80985c4b7
6617adb7e10537e7714b212f,Python & Web Scraping,11,Intermidiate,2020-04-25,2020-05-02,6610e2f9e10537e752949d13,6617ad57e10537e6dda6cce8
6617adb7e10537e7714b2130,ADF,64,Basic,2020-09-16,2020-09-19,6610e2f9e10537e7a3c97044,6617ad57e10537e6c405f904
6617adb7e10537e7714b2131,Data Engineering,100,Intermidiate,2023-07-22,2023-07-27,6610e2f9e10537e8928bbcc8,6617ad57e10537e7a3c9739f
6617adb7e10537e7714b2132,DBT,57,Basic,2021-10-23,2021-10-26,6610e2f9e10537e7e7de045e,6617ad57e10537e75294a081
6617adb7e10537e7714b2133,DBT,87,Basic,2024-02-13,2024-02-14,6610e2f9e10537e83e6ca249,6617ad57e10537e80c7b8763
6617adb7e10537e7714b2134,Data Engineering,95,Basic,2020-07-22,2020-07-26,6610e2f9e10537e71b41a7c8,6617ad57e10537e80985c4c3
6617adb7e10537e7714b2135,Git & Version Control,45,Basic,2020-05-15,2020-05-16,6610e2f9e10537e82b6ef4d9,6617ad57e10537e7714b2109
6617adb8e10537e7714b2136,Data Engineering,11,Basic,2021-09-26,2021-09-30,6610e2f9e10537e73df51e6e,6617ad57e10537e85f4fe560
6617adb7e10537e72c31024c,Git & Version Control,25,Basic,2022-03-15,2022-03-16,6610e2f9e10537e6d7ef0f84,6617ad57e10537e7c5210486
6617adb7e10537e72c31024e,Git & Version Control,15,Advance,2023-05-31,2023-06-10,6610e2f9e10537e72c30fed4,6617ad57e10537e72c310230
6617adb7e10537e72c31024f,Python & Web Scraping,16,Basic,2022-10-27,2022-10-31,6610e2f9e10537e82b6ef4d9,6617ad57e10537e85f4fe56e
6617adb7e10537e72c310250,ADF,38,Advance,2022-11-16,2022-11-24,6610e2f9e10537e7714b1da1,6617ad57e10537e70a816d47
6617adb7e10537e72c310251,ML Basics,49,Intermidiate,2022-02-28,2022-03-07,6610e2f9e10537e6c405f59c,6617ad57e10537e8d6b75fb4
6617adb7e10537e72c310252,DevOps Operations,83,Basic,2022-06-27,2022-07-01,6610e2f9e10537e85f4fe1f2,6617ad57e10537e72c31023e
6617adb7e10537e72c310253,Python for DS,23,Advance,2020-07-21,2020-07-29,6610e2f9e10537e8c57ab126,6617ad57e10537e6dda6ccf5
6617adb7e10537e72c310254,Git & Version Control,87,Basic,2021-04-22,2021-04-26,6610e2f9e10537e7c521010f,6617ad57e10537e6c405f901
6617adb7e10537e72c310256,ML Basics,62,Advance,2020-12-13,2020-12-22,6610e2f9e10537e80985c157,6617ad57e10537e875099cda
6617adb7e10537e72c310257,ML Basics,31,Basic,2023-05-17,2023-05-20,6610e2f9e10537e8928bbcc8,6617ad57e10537e83e6ca5b6
6617adb7e10537e72c310259,Cloud Platforms,40,Intermidiate,2021-02-19,2021-02-26,6610e2f9e10537e83e6ca249,6617ad57e10537e7703662cb
6617adb7e10537e72c31025c,Git & Version Control,73,Intermidiate,2021-01-31,2021-02-06,6610e2f9e10537e6f9e783b7,6617ad57e10537e8d6b75fba
6617adb7e10537e72c31025e,Cloud Platforms,66,Advance,2023-07-29,2023-08-07,6610e2f9e10537e7a67f3c07,6617ad57e10537e8c57ab4aa
6617adb7e10537e72c310260,ADF,21,Advance,2021-09-24,2021-10-04,6610e2f9e10537e841ea2b20,6617ad57e10537e8d6b75fb8
6617adb7e10537e72c310261,Full Stack,39,Intermidiate,2020-11-15,2020-11-22,6610e2f9e10537e770365f6c,6617ad57e10537e7703662ce
6617adb7e10537e72c310262,Cloud Platforms,47,Advance,2023-10-30,2023-11-07,6610e2f9e10537e875099976,6617ad57e10537e8c57ab48e
6617adb7e10537e72c310264,ML Basics,75,Advance,2021-08-24,2021-09-01,6610e2f9e10537e80c7b83eb,6617ad57e10537e73df521d3
6617adb7e10537e72c310265,Full Stack,18,Basic,2022-03-30,2022-04-02,6610e2f9e10537e8a3bceecb,6617ad57e10537e8b1b760c4
6617adb7e10537e72c310267,ML Basics,36,Basic,2022-11-13,2022-11-14,6610e2f9e10537e7916b9f18,6617ad57e10537e7714b210a
6617adb7e10537e72c310268,Git & Version Control,50,Intermidiate,2020-09-13,2020-09-19,6610e2f9e10537e83cb671b5,6617ad57e10537e6c405f90a
6617adb7e10537e72c310269,ML Basics,52,Advance,2023-12-17,2023-12-27,6610e2f9e10537e7e7de045e,6617ad57e10537e73df521c6
6617adb8e10537e72c31026a,DBT,100,Advance,2020-05-22,2020-05-30,6610e2f9e10537e7c521010f,6617ad57e10537e80c7b8756
6617adb7e10537e6f9e7872e,Git & Version Control,63,Advance,2021-05-21,2021-05-30,6610e2f9e10537e80c7b83eb,6617ad57e10537e6d7ef12e7
6617adb7e10537e6f9e7872f,Python & Web Scraping,50,Advance,2023-07-27,2023-08-04,6610e2f9e10537e80985c157,6617ad57e10537e8b1b760aa
6617adb7e10537e6f9e78731,DevOps Operations,23,Advance,2021-10-16,2021-10-26,6610e2f9e10537e6d7ef0f84,6617ad57e10537e7e7de07cb
6617adb7e10537e6f9e78732,ML Basics,50,Intermidiate,2023-11-22,2023-11-29,6610e2f9e10537e8c57ab126,6617ad57e10537e80c7b875b
6617adb7e10537e6f9e78734,Python for DS,91,Basic,2021-05-27,2021-05-29,6610e2f9e10537e83e6ca249,6617ad57e10537e6d7ef12e6
6617adb7e10537e6f9e78735,Full Stack,88,Intermidiate,2021-11-29,2021-12-04,6610e2f9e10537e82b6ef4d9,6617ad57e10537e6d7ef12e9
6617adb7e10537e6f9e78736,Python & Web Scraping,19,Advance,2020-04-23,2020-05-03,6610e2f9e10537e7916b9f18,6617ad57e10537e6dda6ccf1
6617adb7e10537e6f9e78737,DevOps Operations,87,Advance,2021-05-29,2021-06-07,6610e2f9e10537e85f4fe1f2,6617ad57e10537e83cb6751f
6617adb7e10537e6f9e78739,DevOps Operations,89,Basic,2023-11-30,2023-12-01,6610e2f9e10537e841ea2b20,6617ad57e10537e8a3bcf246
6617adb7e10537e6f9e7873a,Full Stack,84,Advance,2022-02-27,2022-03-07,6610e2f9e10537e6dda6c982,6617ad57e10537e6f9e7871a
6617adb7e10537e6f9e7873c,ADF,99,Advance,2022-12-27,2023-01-06,6610e2f9e10537e6c405f59c,6617ad57e10537e6d7ef12e8
6617adb7e10537e6f9e7873e,ADF,62,Intermidiate,2023-03-14,2023-03-20,6610e2f9e10537e8a3bceecb,6617ad57e10537e70a816d3a
6617adb7e10537e6f9e78740,Full Stack,48,Basic,2023-11-21,2023-11-24,6610e2f9e10537e6f9e783b7,6617ad57e10537e75294a082
6617adb7e10537e6f9e78743,DBT,30,Advance,2023-12-31,2024-01-10,6610e2f9e10537e752949d13,6617ad57e10537e70a816d34
6617adb7e10537e6f9e78745,Python & Web Scraping,22,Basic,2022-10-22,2022-10-24,6610e2f9e10537e71b41a7c8,6617ad57e10537e8928bc049
6617adb7e10537e6f9e78747,Git & Version Control,66,Advance,2023-12-13,2023-12-23,6610e2f9e10537e8b1b75d4e,6617ad57e10537e841ea2e99
6617adb7e10537e6f9e78748,ADF,66,Basic,2020-05-17,2020-05-18,6610e2f9e10537e7b003c499,6617ad57e10537e72c310240
6617adb7e10537e6f9e78749,DBT,35,Intermidiate,2020-05-17,2020-05-22,6610e2f9e10537e83cb671b5,6617ad57e10537e841ea2e97
6617adb7e10537e6f9e7874b,ADF,62,Advance,2022-04-24,2022-05-03,6610e2f9e10537e7714b1da1,6617ad57e10537e6d7ef12dd
6617adb7e10537e80985c4ce,Python & Web Scraping,53,Intermidiate,2020-11-13,2020-11-19,6610e2f9e10537e7714b1da1,6617ad57e10537e75294a071
6617adb7e10537e80985c4d0,ML Basics,30,Intermidiate,2020-07-26,2020-07-31,6610e2f9e10537e70a8169c7,6617ad57e10537e7c2855c51
6617adb7e10537e80985c4d3,DBT,29,Intermidiate,2023-08-20,2023-08-25,6610e2f9e10537e6d7ef0f84,6617ad57e10537e73df521dc
6617adb7e10537e80985c4d4,Python for DS,45,Advance,2020-09-19,2020-09-27,6610e2f9e10537e83cb671b5,6617ad57e10537e83e6ca5b4
6617adb7e10537e80985c4d5,Cloud Platforms,81,Intermidiate,2021-02-24,2021-03-02,6610e2f9e10537e7c28558f5,6617ad57e10537e8c57ab4a7
6617adb7e10537e80985c4d7,DevOps Operations,66,Advance,2022-04-29,2022-05-09,6610e2f9e10537e8b1b75d4e,6617ad57e10537e841ea2e93
6617adb7e10537e80985c4d8,DBT,42,Intermidiate,2023-12-26,2024-01-02,6610e2f9e10537e72c30fed4,6617ad57e10537e7c2855c6c
6617adb7e10537e80985c4d9,DBT,27,Intermidiate,2022-05-18,2022-05-23,6610e2f9e10537e8c57ab126,6617ad57e10537e80985c4c0
6617adb7e10537e80985c4da,Python for DS,59,Basic,2023-08-23,2023-08-24,6610e2f9e10537e7e7de045e,6617ad57e10537e85f4fe570
6617adb7e10537e80985c4dc,ADF,97,Intermidiate,2023-07-23,2023-07-29,6610e2f9e10537e752949d13,6617ad57e10537e841ea2e92
6617adb7e10537e80985c4dd,Full Stack,49,Intermidiate,2022-07-26,2022-07-31,6610e2f9e10537e841ea2b20,6617ad57e10537e7a3c9739d
6617adb7e10537e80985c4de,ML Basics,61,Basic,2023-10-30,2023-10-31,6610e2f9e10537e6dda6c982,6617ad57e10537e83cb67529
6617adb7e10537e80985c4e0,Full Stack,52,Intermidiate,2022-12-16,2022-12-22,6610e2f9e10537e770365f6c,6617ad57e10537e875099ced
6617adb7e10537e80985c4e1,ADF,99,Advance,2022-09-23,2022-10-01,6610e2f9e10537e8a3bceecb,6617ad57e10537e7a3c973b9
6617adb7e10537e80985c4e2,ADF,32,Basic,2020-05-22,2020-05-26,6610e2f9e10537e8928bbcc8,6617ad57e10537e8928bc048
6617adb7e10537e80985c4e4,ML Basics,100,Basic,2022-01-30,2022-02-01,6610e2f9e10537e85f4fe1f2,6617ad57e10537e8b1b760b6
6617adb7e10537e80985c4e6,Data Engineering,40,Basic,2021-01-21,2021-01-22,6610e2f9e10537e80c7b83eb,6617ad57e10537e8928bc03f
6617adb7e10537e80985c4e8,DBT,13,Advance,2021-11-15,2021-11-23,6610e2f9e10537e83e6ca249,6617ad57e10537e6dda6ccf4
6617adb7e10537e80985c4ea,Full Stack,52,Advance,2023-05-24,2023-06-01,6610e2f9e10537e73df51e6e,6617ad57e10537e7916ba298
6617adb7e10537e73df521e6,Cloud Platforms,44,Intermidiate,2020-07-30,2020-08-05,6610e2f9e10537e7e7de045e,6617ad57e10537e6c405f914
6617adb7e10537e73df521e8,Python & Web Scraping,48,Intermidiate,2022-03-19,2022-03-25,6610e2f9e10537e7b003c499,6617ad57e10537e72c310247
6617adb7e10537e73df521eb,DevOps Operations,22,Intermidiate,2022-06-30,2022-07-07,6610e2f9e10537e83e6ca249,6617ad57e10537e6f9e78721
6617adb7e10537e73df521ec,ML Basics,76,Advance,2021-05-17,2021-05-25,6610e2f9e10537e7714b1da1,6617ad57e10537e7c5210487
6617adb7e10537e73df521ee,ML Basics,19,Intermidiate,2023-12-27,2024-01-02,6610e2f9e10537e8c57ab126,6617ad57e10537e82b6ef850
6617adb7e10537e73df521f2,Data Engineering,15,Basic,2023-08-17,2023-08-18,6610e2f9e10537e8a3bceecb,6617ad57e10537e6d7ef12f0
6617adb7e10537e73df521f3,DevOps Operations,93,Advance,2023-03-28,2023-04-06,6610e2f9e10537e7a3c97044,6617ad57e10537e6d7ef12ef
6617adb7e10537e73df521f5,Python & Web Scraping,75,Intermidiate,2021-07-30,2021-08-04,6610e2f9e10537e70a8169c7,6617ad57e10537e83cb6752c
6617adb7e10537e73df521f8,Python & Web Scraping,49,Basic,2022-11-25,2022-11-29,6610e2f9e10537e752949d13,6617ad57e10537e7c2855c6c
6617adb7e10537e73df521f9,DBT,87,Advance,2021-09-20,2021-09-30,6610e2f9e10537e875099976,6617ad57e10537e6d7ef12e2
6617adb7e10537e73df521fa,Data Engineering,98,Advance,2022-04-30,2022-05-08,6610e2f9e10537e8928bbcc8,6617ad57e10537e7e7de07cb
6617adb7e10537e73df521fb,Full Stack,20,Basic,2023-07-25,2023-07-29,6610e2f9e10537e80985c157,6617ad57e10537e80985c4b6
6617adb7e10537e73df521fe,Python for DS,65,Advance,2022-09-18,2022-09-26,6610e2f9e10537e841ea2b20,6617ad57e10537e83e6ca5b6
6617adb7e10537e7a3c973bc,Python for DS,16,Intermidiate,2020-12-27,2021-01-02,6610e2f9e10537e841ea2b20,6617ad57e10537e6f9e78726
6617adb7e10537e7a3c973be,Python for DS,68,Advance,2020-11-26,2020-12-05,6610e2f9e10537e7b003c499,6617ad57e10537e85f4fe571
6617adb7e10537e7a3c973bf,ML Basics,11,Basic,2023-05-20,2023-05-22,6610e2f9e10537e7916b9f18,6617ad57e10537e83cb6752e
6617adb7e10537e7a3c973c1,Cloud Platforms,10,Advance,2021-04-18,2021-04-26,6610e2f9e10537e7e7de045e,6617ad57e10537e7703662d6
6617adb7e10537e7a3c973c2,Cloud Platforms,95,Advance,2022-09-14,2022-09-23,6610e2f9e10537e8c57ab126,6617ad57e10537e6c405f900
6617adb7e10537e7a3c973c3,Python & Web Scraping,38,Intermidiate,2023-12-23,2023-12-30,6610e2f9e10537e7a3c97044,6617ad57e10537e80c7b8748
6617adb7e10537e7a3c973c5,DevOps Operations,56,Basic,2021-02-18,2021-02-20,6610e2f9e10537e6dda6c982,6617ad57e10537e7c2855c67
6617adb7e10537e7a3c973c7,Python for DS,55,Basic,2021-09-25,2021-09-27,6610e2f9e10537e7c28558f5,6617ad57e10537e6f9e7871e
6617adb7e10537e7a3c973c8,Python & Web Scraping,57,Basic,2023-05-30,2023-06-03,6610e2f9e10537e83e6ca249,6617ad57e10537e7714b2117
6617adb7e10537e7a3c973c9,Cloud Platforms,95,Basic,2024-01-15,2024-01-19,6610e2f9e10537e7714b1da1,6617ad57e10537e8d6b75fce
6617adb7e10537e7a3c973ca,ML Basics,87,Basic,2022-05-29,2022-06-02,6610e2f9e10537e80c7b83eb,6617ad57e10537e8a3bcf242
6617adb7e10537e7a3c973cb,Data Engineering,88,Advance,2021-09-29,2021-10-09,6610e2f9e10537e71b41a7c8,6617ad57e10537e7e7de07bf
6617adb7e10537e7a3c973cc,Data Engineering,10,Basic,2020-07-22,2020-07-23,6610e2f9e10537e70a8169c7,6617ad57e10537e83cb67521
6617adb7e10537e7a3c973cd,ML Basics,73,Intermidiate,2022-05-28,2022-06-03,6610e2f9e10537e7a67f3c07,6617ad57e10537e7916ba2a2
6617adb7e10537e7a3c973ce,Cloud Platforms,66,Basic,2020-05-18,2020-05-22,6610e2f9e10537e875099976,6617ad57e10537e7c2855c6e
6617adb7e10537e7a3c973d0,ML Basics,20,Intermidiate,2022-01-28,2022-02-04,6610e2f9e10537e6c405f59c,6617ad57e10537e740772df7
6617adb7e10537e7a3c973d1,Full Stack,75,Intermidiate,2024-03-18,2024-03-25,6610e2f9e10537e82b6ef4d9,6617ad57e10537e6d7ef12f6
6617adb7e10537e7a3c973d2,Python for DS,51,Advance,2021-06-16,2021-06-24,6610e2f9e10537e770365f6c,6617ad57e10537e841ea2e83
6617adb7e10537e7a3c973d5,Full Stack,66,Intermidiate,2021-04-15,2021-04-22,6610e2f9e10537e83cb671b5,6617ad57e10537e8c57ab495
6617adb7e10537e7a3c973d7,DevOps Operations,34,Basic,2021-09-16,2021-09-19,6610e2f9e10537e6d7ef0f84,6617ad57e10537e8d6b75fb1
6617adb8e10537e7a3c973d9,ADF,47,Intermidiate,2021-09-22,2021-09-28,6610e2f9e10537e83e6ca249,6617ad57e10537e75294a088
6617adb7e10537e7e7de07d4,DBT,56,Advance,2020-12-19,2020-12-29,6610e2f9e10537e85f4fe1f2,6617ad57e10537e75294a080
6617adb7e10537e7e7de07d6,Data Engineering,74,Advance,2023-09-24,2023-10-04,6610e2f9e10537e7c521010f,6617ad57e10537e73df521d5
6617adb7e10537e7e7de07d7,DevOps Operations,39,Advance,2021-12-16,2021-12-26,6610e2f9e10537e8928bbcc8,6617ad57e10537e70a816d46
6617adb7e10537e7e7de07da,Full Stack,28,Intermidiate,2024-03-15,2024-03-22,6610e2f9e10537e6dda6c982,6617ad57e10537e8b1b760ac
6617adb7e10537e7e7de07db,Cloud Platforms,98,Advance,2021-04-21,2021-04-29,6610e2f9e10537e8a3bceecb,6617ad57e10537e8a3bcf246
6617adb7e10537e7e7de07dc,Git & Version Control,63,Intermidiate,2021-11-17,2021-11-22,6610e2f9e10537e7b003c499,6617ad57e10537e8a3bcf24a
6617adb7e10537e7e7de07df,ADF,64,Advance,2021-11-13,2021-11-23,6610e2f9e10537e7c28558f5,6617ad57e10537e8b1b760bd
6617adb7e10537e7e7de07e0,Git & Version Control,97,Advance,2020-09-28,2020-10-08,6610e2f9e10537e770365f6c,6617ad57e10537e6dda6ccf0
6617adb7e10537e7e7de07e4,DBT,17,Basic,2021-07-22,2021-07-25,6610e2f9e10537e8b1b75d4e,6617ad57e10537e7a67f3f6e
6617adb7e10537e7e7de07e5,Full Stack,61,Intermidiate,2023-01-28,2023-02-03,6610e2f9e10537e752949d13,6617ad57e10537e80c7b8759
6617adb7e10537e7e7de07e6,ML Basics,37,Intermidiate,2023-01-25,2023-01-31,6610e2f9e10537e6c405f59c,6617ad57e10537e7c2855c53
6617adb7e10537e7e7de07e7,ADF,59,Advance,2021-06-29,2021-07-09,6610e2f9e10537e7714b1da1,6617ad57e10537e82b6ef83f
6617adb7e10537e7e7de07e9,DBT,72,Basic,2021-06-20,2021-06-21,6610e2f9e10537e82b6ef4d9,6617ad57e10537e7a67f3f6d
6617adb7e10537e7e7de07ea,DBT,60,Intermidiate,2022-11-25,2022-11-30,6610e2f9e10537e6d7ef0f84,6617ad57e10537e841ea2e90
6617adb7e10537e7e7de07eb,Cloud Platforms,73,Basic,2020-07-28,2020-07-31,6610e2f9e10537e73df51e6e,6617ad57e10537e6d7ef12ef
6617adb7e10537e740772e13,Python for DS,33,Basic,2022-02-27,2022-03-02,6610e2f9e10537e770365f6c,6617ad57e10537e8d6b75fca
6617adb7e10537e740772e15,Python & Web Scraping,88,Advance,2024-03-18,2024-03-26,6610e2f9e10537e70a8169c7,6617ad57e10537e8b1b760b6
6617adb7e10537e740772e19,DBT,39,Advance,2020-08-14,2020-08-22,6610e2f9e10537e83cb671b5,6617ad57e10537e72c310234
6617adb7e10537e740772e1d,Git & Version Control,42,Advance,2023-09-17,2023-09-25,6610e2f9e10537e6d7ef0f84,6617ad57e10537e73df521db
6617adb7e10537e740772e1e,Git & Version Control,78,Basic,2020-04-17,2020-04-18,6610e2f9e10537e752949d13,6617ad57e10537e7c2855c65
6617adb7e10537e740772e20,ML Basics,91,Intermidiate,2022-07-13,2022-07-20,6610e2f9e10537e8b1b75d4e,6617ad57e10537e7703662d7
6617adb7e10537e740772e21,ADF,34,Basic,2023-06-18,2023-06-20,6610e2f9e10537e7c28558f5,6617ad57e10537e7a3c973b4
6617adb7e10537e740772e23,Full Stack,45,Basic,2020-07-17,2020-07-19,6610e2f9e10537e8a3bceecb,6617ad57e10537e7714b20fb
6617adb7e10537e740772e24,DBT,65,Advance,2022-12-27,2023-01-05,6610e2f9e10537e6dda6c982,6617ad57e10537e7916ba28f
6617adb7e10537e740772e25,Data Engineering,46,Advance,2022-12-16,2022-12-25,6610e2f9e10537e7b003c499,6617ad57e10537e8a3bcf243
6617adb7e10537e740772e27,Cloud Platforms,47,Basic,2020-04-27,2020-04-30,6610e2f9e10537e6f9e783b7,6617ad57e10537e740772e05
6617adb7e10537e740772e29,Python & Web Scraping,59,Intermidiate,2023-08-26,2023-09-02,6610e2f9e10537e83e6ca249,6617ad57e10537e70a816d39
6617adb7e10537e740772e2b,Python & Web Scraping,29,Basic,2021-08-16,2021-08-18,6610e2f9e10537e7e7de045e,6617ad57e10537e875099cd7
6617adb7e10537e740772e2d,Full Stack,14,Basic,2023-05-18,2023-05-21,6610e2f9e10537e7c521010f,6617ad57e10537e7c2855c55
6617adb7e10537e740772e2f,DBT,49,Advance,2023-07-20,2023-07-28,6610e2f9e10537e7916b9f18,6617ad57e10537e8a3bcf239
6617adb7e10537e8d6b75fd5,Python & Web Scraping,38,Advance,2021-06-24,2021-07-02,6610e2f9e10537e72c30fed4,6617ad57e10537e7703662c8
6617adb7e10537e8d6b75fd6,Full Stack,99,Intermidiate,2022-10-16,2022-10-23,6610e2f9e10537e85f4fe1f2,6617ad57e10537e7a67f3f65
6617adb7e10537e8d6b75fd7,ADF,33,Advance,2020-06-17,2020-06-26,6610e2f9e10537e8928bbcc8,6617ad57e10537e7e7de07c1
6617adb7e10537e8d6b75fd8,DBT,66,Basic,2020-07-22,2020-07-24,6610e2f9e10537e70a8169c7,6617ad57e10537e7c2855c5f
6617adb7e10537e8d6b75fd9,DevOps Operations,49,Advance,2022-03-19,2022-03-28,6610e2f9e10537e83cb671b5,6617ad57e10537e80985c4b5
6617adb7e10537e8d6b75fdb,Data Engineering,77,Advance,2021-07-15,2021-07-23,6610e2f9e10537e6d7ef0f84,6617ad57e10537e7c2855c67
6617adb7e10537e8d6b75fdd,Python & Web Scraping,41,Intermidiate,2024-03-17,2024-03-23,6610e2f9e10537e7b003c499,6617ad57e10537e8928bc03e
6617adb7e10537e8d6b75fdf,Python & Web Scraping,82,Basic,2023-12-20,2023-12-21,6610e2f9e10537e80c7b83eb,6617ad57e10537e841ea2e86
6617adb7e10537e8d6b75fe0,Git & Version Control,95,Basic,2021-03-23,2021-03-24,6610e2f9e10537e7c521010f,6617ad57e10537e7714b210c
6617adb7e10537e8d6b75fe1,Data Engineering,50,Intermidiate,2021-03-31,2021-04-05,6610e2f9e10537e83e6ca249,6617ad57e10537e85f4fe574
6617adb7e10537e8d6b75fe2,Data Engineering,50,Intermidiate,2020-10-30,2020-11-04,6610e2f9e10537e752949d13,6617ad57e10537e841ea2e85
6617adb7e10537e8d6b75fe3,DevOps Operations,43,Intermidiate,2021-11-26,2021-12-02,6610e2f9e10537e770365f6c,6617ad57e10537e85f4fe561
6617adb7e10537e8d6b75fe4,Cloud Platforms,30,Basic,2023-09-17,2023-09-21,6610e2f9e10537e6dda6c982,6617ad57e10537e80985c4c2
6617adb7e10537e8d6b75fe5,Data Engineering,60,Intermidiate,2021-06-25,2021-07-02,6610e2f9e10537e841ea2b20,6617ad57e10537e6dda6ccf5
6617adb7e10537e8d6b75fe6,Cloud Platforms,24,Advance,2022-07-25,2022-08-02,6610e2f9e10537e82b6ef4d9,6617ad57e10537e7c521047e
6617adb7e10537e8d6b75fe9,Full Stack,59,Intermidiate,2023-12-24,2023-12-30,6610e2f9e10537e8b1b75d4e,6617ad57e10537e8a3bcf23d
6617adb7e10537e8d6b75fea,Data Engineering,100,Basic,2024-01-25,2024-01-26,6610e2f9e10537e8a3bceecb,6617ad57e10537e7703662cc
6617adb7e10537e8d6b75feb,Cloud Platforms,73,Intermidiate,2022-10-25,2022-10-31,6610e2f9e10537e7c28558f5,6617ad57e10537e75294a087
6617adb7e10537e8d6b75fec,Python for DS,84,Advance,2020-04-26,2020-05-05,6610e2f9e10537e875099976,6617ad57e10537e7714b2101
6617adb7e10537e8d6b75fed,Cloud Platforms,27,Advance,2020-12-24,2021-01-02,6610e2f9e10537e6c405f59c,6617ad57e10537e72c310233
6617adb7e10537e8d6b75fee,Full Stack,57,Intermidiate,2020-10-28,2020-11-03,6610e2f9e10537e73df51e6e,6617ad57e10537e8d6b75fb2
6617adb8e10537e8d6b75ff0,Data Engineering,79,Intermidiate,2023-08-24,2023-08-29,6610e2f9e10537e8b1b75d4e,6617ad57e10537e7703662ca
6617adb8e10537e8d6b75ff1,Git & Version Control,93,Intermidiate,2023-08-24,2023-08-29,6610e2f9e10537e7916b9f18,6617ad57e10537e8a3bcf24c
6617adb8e10537e8d6b75ff4,Data Engineering,46,Intermidiate,2022-08-21,2022-08-28,6610e2f9e10537e7e7de045e,6617ad57e10537e6d7ef12e8
6617adb8e10537e8d6b75ff5,DBT,60,Intermidiate,2023-04-23,2023-04-30,6610e2f9e10537e7c521010f,6617ad57e10537e8b1b760b4
6617adb8e10537e8d6b75ff6,ADF,21,Basic,2023-09-19,2023-09-21,6610e2f9e10537e73df51e6e,6617ad57e10537e83cb6752c
